TX_ID,Date_Time_UTC,Transaction_Type,Category_Description,Source_Stream,Amount_INR,Main_Wallet_Impact,Self_Account_Impact,Wallet_Balance_After
6599,2026-10-02 11:32:50,INCOME_CREDIT_75,PRIME_750_SELF,PRIME_750,0.75,0.75,0.00,1.00
6600,2026-10-02 11:32:50,SELF_ACCOUNT_CREDIT,PRIME_750_SELF,PRIME_750,0.25,0.00,0.25,1.00
6602,2026-10-02 11:32:50,INCOME_CREDIT_75,AUTOPOOL_BONUS_FIVE,PRIME_750,22.50,22.50,0.00,31.00
6603,2026-10-02 11:32:50,SELF_ACCOUNT_CREDIT,AUTOPOOL_BONUS_FIVE,PRIME_750,7.50,0.00,7.50,31.00
6604,2026-10-02 11:32:50,INCOME_CREDIT_75,AUTOPOOL_BONUS_THREE,PRIME_750,7.50,7.50,0.00,41.00
6605,2026-10-02 11:32:50,SELF_ACCOUNT_CREDIT,AUTOPOOL_BONUS_THREE,PRIME_750,2.50,0.00,2.50,41.00
6606,2026-10-02 11:32:50,INCOME_CREDIT_75,MONTHLY_759_SELF,MONTHLY_FIRST_SEASON-1,1.50,1.50,0.00,43.00
6607,2026-10-02 11:32:50,SELF_ACCOUNT_CREDIT,MONTHLY_759_SELF,MONTHLY_FIRST_SEASON-1,0.50,0.00,0.50,43.00
6609,2026-10-02 11:32:51,INCOME_CREDIT_75,AUTOPOOL_BONUS_FIVE,MONTHLY_FIRST_SEASON-1,37.50,37.50,0.00,93.00
6610,2026-10-02 11:32:51,SELF_ACCOUNT_CREDIT,AUTOPOOL_BONUS_FIVE,MONTHLY_FIRST_SEASON-1,12.50,0.00,12.50,93.00
6611,2026-10-02 11:32:51,INCOME_CREDIT_75,AUTOPOOL_BONUS_THREE,MONTHLY_FIRST_SEASON-1,3.75,3.75,0.00,98.00
6612,2026-10-02 11:32:51,SELF_ACCOUNT_CREDIT,AUTOPOOL_BONUS_THREE,MONTHLY_FIRST_SEASON-1,1.25,0.00,1.25,98.00
6613,2026-10-02 11:32:51,INCOME_CREDIT_75,e-Edu DIRECT REF BONUS,RANK_UPGRADE,93.75,93.75,0.00,223.00
6614,2026-10-02 11:32:51,SELF_ACCOUNT_CREDIT,e-Edu DIRECT REF BONUS,RANK_UPGRADE,31.25,0.00,31.25,223.00
6615,2026-10-02 11:32:51,INCOME_CREDIT_75,e-Edu LEVEL BONUS,RANK_UPGRADE,93.75,93.75,0.00,348.00
6616,2026-10-02 11:32:51,SELF_ACCOUNT_CREDIT,e-Edu LEVEL BONUS,RANK_UPGRADE,31.25,0.00,31.25,348.00
6617,2026-10-02 12:02:46,INCOME_CREDIT_75,e-Edu DIRECT REF BONUS,RANK_UPGRADE,187.50,187.50,0.00,598.00
6618,2026-10-02 12:02:46,SELF_ACCOUNT_CREDIT,e-Edu DIRECT REF BONUS,RANK_UPGRADE,62.50,0.00,62.50,598.00
6619,2026-10-02 12:02:46,INCOME_CREDIT_75,e-Edu LEVEL BONUS,RANK_UPGRADE,187.50,187.50,0.00,848.00
6620,2026-10-02 12:02:46,SELF_ACCOUNT_CREDIT,e-Edu LEVEL BONUS,RANK_UPGRADE,62.50,0.00,62.50,848.00
6621,2026-10-02 12:02:46,INCOME_CREDIT_75,e-Edu DIRECT REF BONUS,RANK_UPGRADE,375.00,375.00,0.00,1348.00
6622,2026-10-02 12:02:46,SELF_ACCOUNT_CREDIT,e-Edu DIRECT REF BONUS,RANK_UPGRADE,125.00,0.00,125.00,1348.00
6623,2026-10-02 12:02:46,SELF_ACCOUNT_DEBIT,Auto Repurchase Pack (Rs.250),SELF_250_PACK,-250.00,0.00,-250.00,1098.00
6624,2026-10-02 12:02:46,INCOME_CREDIT_75,Self Rebirth AUTOPOOL BONUS FIVE,SELF_REBIRTH_250,6.00,6.00,0.00,1106.00
6625,2026-10-02 12:02:46,SELF_ACCOUNT_CREDIT,Self Rebirth AUTOPOOL BONUS FIVE,SELF_REBIRTH_250,2.00,0.00,2.00,1106.00
6626,2026-10-02 12:02:46,INCOME_CREDIT_75,Self Rebirth AUTOPOOL BONUS THREE,SELF_REBIRTH_250,1.00,1.00,0.00,1107.33
6627,2026-10-02 12:02:46,SELF_ACCOUNT_CREDIT,Self Rebirth AUTOPOOL BONUS THREE,SELF_REBIRTH_250,0.33,0.00,0.33,1107.33
6628,2026-10-02 12:02:47,INCOME_CREDIT_75,Self Rebirth DIRECT REF BONUS,SELF_REBIRTH_250,30.00,30.00,0.00,1147.33
6629,2026-10-02 12:02:47,SELF_ACCOUNT_CREDIT,Self Rebirth DIRECT REF BONUS,SELF_REBIRTH_250,10.00,0.00,10.00,1147.33
6630,2026-10-02 12:02:47,TAX_POOL_CREDIT,Self Rebirth TAX POOL CREDIT,SELF_REBIRTH_250,15.00,15.00,0.00,1162.33
6631,2026-10-02 12:02:47,INCOME_CREDIT_75,e-Edu LEVEL BONUS,RANK_UPGRADE,375.00,375.00,0.00,1662.33
6632,2026-10-02 12:02:47,SELF_ACCOUNT_CREDIT,e-Edu LEVEL BONUS,RANK_UPGRADE,125.00,0.00,125.00,1662.33
6633,2026-10-02 12:02:47,INCOME_CREDIT_75,e-Edu DIRECT REF BONUS,RANK_UPGRADE,468.75,468.75,0.00,2287.33
6634,2026-10-02 12:02:47,SELF_ACCOUNT_CREDIT,e-Edu DIRECT REF BONUS,RANK_UPGRADE,156.25,0.00,156.25,2287.33
6635,2026-10-02 12:02:47,SELF_ACCOUNT_DEBIT,Auto Repurchase Pack (Rs.250),SELF_250_PACK,-250.00,0.00,-250.00,2037.33
6636,2026-10-02 12:02:47,INCOME_CREDIT_75,Self Rebirth AUTOPOOL BONUS FIVE,SELF_REBIRTH_250,6.00,6.00,0.00,2045.33
6637,2026-10-02 12:02:47,SELF_ACCOUNT_CREDIT,Self Rebirth AUTOPOOL BONUS FIVE,SELF_REBIRTH_250,2.00,0.00,2.00,2045.33
6638,2026-10-02 12:02:47,INCOME_CREDIT_75,Self Rebirth AUTOPOOL BONUS THREE,SELF_REBIRTH_250,1.00,1.00,0.00,2046.66
6639,2026-10-02 12:02:47,SELF_ACCOUNT_CREDIT,Self Rebirth AUTOPOOL BONUS THREE,SELF_REBIRTH_250,0.33,0.00,0.33,2046.66
6640,2026-10-02 12:02:47,INCOME_CREDIT_75,Self Rebirth AUTOPOOL BONUS THREE,SELF_REBIRTH_250,1.00,1.00,0.00,2047.99
6641,2026-10-02 12:02:47,SELF_ACCOUNT_CREDIT,Self Rebirth AUTOPOOL BONUS THREE,SELF_REBIRTH_250,0.33,0.00,0.33,2047.99
6642,2026-10-02 12:02:47,INCOME_CREDIT_75,Self Rebirth DIRECT REF BONUS,SELF_REBIRTH_250,30.00,30.00,0.00,2086.66
6643,2026-10-02 12:02:47,SELF_ACCOUNT_CREDIT,Self Rebirth DIRECT REF BONUS,SELF_REBIRTH_250,10.00,0.00,10.00,2086.66
6644,2026-10-02 12:02:47,TAX_POOL_CREDIT,Self Rebirth TAX POOL CREDIT,SELF_REBIRTH_250,15.00,15.00,0.00,2101.66
6645,2026-10-02 12:02:47,INCOME_CREDIT_75,e-Edu LEVEL BONUS,RANK_UPGRADE,468.75,468.75,0.00,2726.66
6646,2026-10-02 12:02:47,SELF_ACCOUNT_CREDIT,e-Edu LEVEL BONUS,RANK_UPGRADE,156.25,0.00,156.25,2726.66
6647,2026-10-02 12:02:47,SELF_ACCOUNT_DEBIT,Auto Repurchase Pack (Rs.250),SELF_250_PACK,-250.00,0.00,-250.00,2476.66
6648,2026-10-02 12:02:47,INCOME_CREDIT_75,Self Rebirth AUTOPOOL BONUS FIVE,SELF_REBIRTH_250,6.00,6.00,0.00,2484.66
6649,2026-10-02 12:02:47,SELF_ACCOUNT_CREDIT,Self Rebirth AUTOPOOL BONUS FIVE,SELF_REBIRTH_250,2.00,0.00,2.00,2484.66
6650,2026-10-02 12:02:47,INCOME_CREDIT_75,Self Rebirth AUTOPOOL BONUS THREE,SELF_REBIRTH_250,1.00,1.00,0.00,2485.99
6651,2026-10-02 12:02:47,SELF_ACCOUNT_CREDIT,Self Rebirth AUTOPOOL BONUS THREE,SELF_REBIRTH_250,0.33,0.00,0.33,2485.99
6652,2026-10-02 12:02:48,INCOME_CREDIT_75,Self Rebirth AUTOPOOL BONUS THREE,SELF_REBIRTH_250,1.00,1.00,0.00,2487.32
6653,2026-10-02 12:02:48,SELF_ACCOUNT_CREDIT,Self Rebirth AUTOPOOL BONUS THREE,SELF_REBIRTH_250,0.33,0.00,0.33,2487.32
6654,2026-10-02 12:02:48,INCOME_CREDIT_75,Self Rebirth DIRECT REF BONUS,SELF_REBIRTH_250,30.00,30.00,0.00,2525.99
6655,2026-10-02 12:02:48,SELF_ACCOUNT_CREDIT,Self Rebirth DIRECT REF BONUS,SELF_REBIRTH_250,10.00,0.00,10.00,2525.99
6656,2026-10-02 12:02:48,TAX_POOL_CREDIT,Self Rebirth TAX POOL CREDIT,SELF_REBIRTH_250,15.00,15.00,0.00,2540.99
6657,2026-10-02 12:02:48,INCOME_CREDIT_75,e-Edu DIRECT REF BONUS,RANK_UPGRADE,562.50,562.50,0.00,3290.99
6658,2026-10-02 12:02:48,SELF_ACCOUNT_CREDIT,e-Edu DIRECT REF BONUS,RANK_UPGRADE,187.50,0.00,187.50,3290.99
6659,2026-10-02 12:02:48,INCOME_CREDIT_75,e-Edu LEVEL BONUS,RANK_UPGRADE,562.50,562.50,0.00,4040.99
6660,2026-10-02 12:02:48,SELF_ACCOUNT_CREDIT,e-Edu LEVEL BONUS,RANK_UPGRADE,187.50,0.00,187.50,4040.99
6661,2026-10-02 12:02:48,SELF_ACCOUNT_DEBIT,Auto Repurchase Pack (Rs.250),SELF_250_PACK,-250.00,0.00,-250.00,3790.99
6662,2026-10-02 12:02:48,INCOME_CREDIT_75,Self Rebirth AUTOPOOL BONUS FIVE,SELF_REBIRTH_250,6.00,6.00,0.00,3798.99
6663,2026-10-02 12:02:48,SELF_ACCOUNT_CREDIT,Self Rebirth AUTOPOOL BONUS FIVE,SELF_REBIRTH_250,2.00,0.00,2.00,3798.99
6664,2026-10-02 12:02:48,INCOME_CREDIT_75,Self Rebirth AUTOPOOL BONUS FIVE,SELF_REBIRTH_250,6.00,6.00,0.00,3806.99
6665,2026-10-02 12:02:48,SELF_ACCOUNT_CREDIT,Self Rebirth AUTOPOOL BONUS FIVE,SELF_REBIRTH_250,2.00,0.00,2.00,3806.99
6666,2026-10-02 12:02:48,INCOME_CREDIT_75,Self Rebirth AUTOPOOL BONUS THREE,SELF_REBIRTH_250,1.00,1.00,0.00,3800.32
6667,2026-10-02 12:02:48,SELF_ACCOUNT_CREDIT,Self Rebirth AUTOPOOL BONUS THREE,SELF_REBIRTH_250,0.33,0.00,0.33,3800.32
6668,2026-10-02 12:02:48,INCOME_CREDIT_75,Self Rebirth AUTOPOOL BONUS THREE,SELF_REBIRTH_250,1.00,1.00,0.00,3801.65
6669,2026-10-02 12:02:48,SELF_ACCOUNT_CREDIT,Self Rebirth AUTOPOOL BONUS THREE,SELF_REBIRTH_250,0.33,0.00,0.33,3801.65
6670,2026-10-02 12:02:48,INCOME_CREDIT_75,Self Rebirth DIRECT REF BONUS,SELF_REBIRTH_250,30.00,30.00,0.00,3840.32
6671,2026-10-02 12:02:48,SELF_ACCOUNT_CREDIT,Self Rebirth DIRECT REF BONUS,SELF_REBIRTH_250,10.00,0.00,10.00,3840.32
6672,2026-10-02 12:02:48,TAX_POOL_CREDIT,Self Rebirth TAX POOL CREDIT,SELF_REBIRTH_250,15.00,15.00,0.00,3855.32
6673,2026-10-02 12:02:51,INCOME_CREDIT_75,e-Edu DIRECT REF BONUS,RANK_UPGRADE,656.25,656.25,0.00,4730.32
6674,2026-10-02 12:02:51,SELF_ACCOUNT_CREDIT,e-Edu DIRECT REF BONUS,RANK_UPGRADE,218.75,0.00,218.75,4730.32
6675,2026-10-02 12:02:51,SELF_ACCOUNT_DEBIT,Auto Repurchase Pack (Rs.250),SELF_250_PACK,-250.00,0.00,-250.00,4480.32
6676,2026-10-02 12:02:51,INCOME_CREDIT_75,Self Rebirth AUTOPOOL BONUS FIVE,SELF_REBIRTH_250,6.00,6.00,0.00,4488.32
6677,2026-10-02 12:02:51,SELF_ACCOUNT_CREDIT,Self Rebirth AUTOPOOL BONUS FIVE,SELF_REBIRTH_250,2.00,0.00,2.00,4488.32
6678,2026-10-02 12:02:51,INCOME_CREDIT_75,Self Rebirth AUTOPOOL BONUS FIVE,SELF_REBIRTH_250,6.00,6.00,0.00,4496.32
6679,2026-10-02 12:02:51,SELF_ACCOUNT_CREDIT,Self Rebirth AUTOPOOL BONUS FIVE,SELF_REBIRTH_250,2.00,0.00,2.00,4496.32
6680,2026-10-02 12:02:51,INCOME_CREDIT_75,Self Rebirth AUTOPOOL BONUS THREE,SELF_REBIRTH_250,1.00,1.00,0.00,4489.65
6681,2026-10-02 12:02:51,SELF_ACCOUNT_CREDIT,Self Rebirth AUTOPOOL BONUS THREE,SELF_REBIRTH_250,0.33,0.00,0.33,4489.65
6682,2026-10-02 12:02:51,INCOME_CREDIT_75,Self Rebirth AUTOPOOL BONUS THREE,SELF_REBIRTH_250,1.00,1.00,0.00,4490.98
6683,2026-10-02 12:02:51,SELF_ACCOUNT_CREDIT,Self Rebirth AUTOPOOL BONUS THREE,SELF_REBIRTH_250,0.33,0.00,0.33,4490.98
6684,2026-10-02 12:02:51,INCOME_CREDIT_75,Self Rebirth DIRECT REF BONUS,SELF_REBIRTH_250,30.00,30.00,0.00,4529.65
6685,2026-10-02 12:02:51,SELF_ACCOUNT_CREDIT,Self Rebirth DIRECT REF BONUS,SELF_REBIRTH_250,10.00,0.00,10.00,4529.65
6686,2026-10-02 12:02:51,TAX_POOL_CREDIT,Self Rebirth TAX POOL CREDIT,SELF_REBIRTH_250,15.00,15.00,0.00,4544.65
6687,2026-10-02 12:02:52,INCOME_CREDIT_75,e-Edu LEVEL BONUS,RANK_UPGRADE,656.25,656.25,0.00,5419.65
6688,2026-10-02 12:02:52,SELF_ACCOUNT_CREDIT,e-Edu LEVEL BONUS,RANK_UPGRADE,218.75,0.00,218.75,5419.65
6689,2026-10-02 12:02:52,SELF_ACCOUNT_DEBIT,Auto Repurchase Pack (Rs.250),SELF_250_PACK,-250.00,0.00,-250.00,5169.65
6690,2026-10-02 12:02:52,INCOME_CREDIT_75,Self Rebirth AUTOPOOL BONUS FIVE,SELF_REBIRTH_250,6.00,6.00,0.00,5177.65
6691,2026-10-02 12:02:52,SELF_ACCOUNT_CREDIT,Self Rebirth AUTOPOOL BONUS FIVE,SELF_REBIRTH_250,2.00,0.00,2.00,5177.65
6692,2026-10-02 12:02:52,INCOME_CREDIT_75,Self Rebirth AUTOPOOL BONUS FIVE,SELF_REBIRTH_250,6.00,6.00,0.00,5185.65
6693,2026-10-02 12:02:52,SELF_ACCOUNT_CREDIT,Self Rebirth AUTOPOOL BONUS FIVE,SELF_REBIRTH_250,2.00,0.00,2.00,5185.65
6694,2026-10-02 12:02:52,INCOME_CREDIT_75,Self Rebirth AUTOPOOL BONUS THREE,SELF_REBIRTH_250,1.00,1.00,0.00,5178.98
6695,2026-10-02 12:02:52,SELF_ACCOUNT_CREDIT,Self Rebirth AUTOPOOL BONUS THREE,SELF_REBIRTH_250,0.33,0.00,0.33,5178.98
6696,2026-10-02 12:02:52,INCOME_CREDIT_75,Self Rebirth AUTOPOOL BONUS THREE,SELF_REBIRTH_250,1.00,1.00,0.00,5180.31
6697,2026-10-02 12:02:52,SELF_ACCOUNT_CREDIT,Self Rebirth AUTOPOOL BONUS THREE,SELF_REBIRTH_250,0.33,0.00,0.33,5180.31
6698,2026-10-02 12:02:52,INCOME_CREDIT_75,Self Rebirth DIRECT REF BONUS,SELF_REBIRTH_250,30.00,30.00,0.00,5218.98
6699,2026-10-02 12:02:52,SELF_ACCOUNT_CREDIT,Self Rebirth DIRECT REF BONUS,SELF_REBIRTH_250,10.00,0.00,10.00,5218.98
6700,2026-10-02 12:02:52,TAX_POOL_CREDIT,Self Rebirth TAX POOL CREDIT,SELF_REBIRTH_250,15.00,15.00,0.00,5233.98
6701,2026-10-02 12:02:52,INCOME_CREDIT_75,e-Edu DIRECT REF BONUS,RANK_UPGRADE,750.00,750.00,0.00,6233.98
6702,2026-10-02 12:02:52,SELF_ACCOUNT_CREDIT,e-Edu DIRECT REF BONUS,RANK_UPGRADE,250.00,0.00,250.00,6233.98
6703,2026-10-02 12:02:52,SELF_ACCOUNT_DEBIT,Auto Repurchase Pack (Rs.250),SELF_250_PACK,-250.00,0.00,-250.00,5983.98
6704,2026-10-02 12:02:52,INCOME_CREDIT_75,Self Rebirth AUTOPOOL BONUS FIVE,SELF_REBIRTH_250,6.00,6.00,0.00,5991.98
6705,2026-10-02 12:02:52,SELF_ACCOUNT_CREDIT,Self Rebirth AUTOPOOL BONUS FIVE,SELF_REBIRTH_250,2.00,0.00,2.00,5991.98
6706,2026-10-02 12:02:52,INCOME_CREDIT_75,Self Rebirth AUTOPOOL BONUS FIVE,SELF_REBIRTH_250,6.00,6.00,0.00,5999.98
6707,2026-10-02 12:02:52,SELF_ACCOUNT_CREDIT,Self Rebirth AUTOPOOL BONUS FIVE,SELF_REBIRTH_250,2.00,0.00,2.00,5999.98
6708,2026-10-02 12:02:52,INCOME_CREDIT_75,Self Rebirth AUTOPOOL BONUS THREE,SELF_REBIRTH_250,1.00,1.00,0.00,5993.31
6709,2026-10-02 12:02:52,SELF_ACCOUNT_CREDIT,Self Rebirth AUTOPOOL BONUS THREE,SELF_REBIRTH_250,0.33,0.00,0.33,5993.31
6710,2026-10-02 12:02:52,INCOME_CREDIT_75,Self Rebirth AUTOPOOL BONUS THREE,SELF_REBIRTH_250,1.00,1.00,0.00,5994.64
6711,2026-10-02 12:02:52,SELF_ACCOUNT_CREDIT,Self Rebirth AUTOPOOL BONUS THREE,SELF_REBIRTH_250,0.33,0.00,0.33,5994.64
6712,2026-10-02 12:02:52,INCOME_CREDIT_75,Self Rebirth DIRECT REF BONUS,SELF_REBIRTH_250,30.00,30.00,0.00,6033.31
6713,2026-10-02 12:02:52,SELF_ACCOUNT_CREDIT,Self Rebirth DIRECT REF BONUS,SELF_REBIRTH_250,10.00,0.00,10.00,6033.31
6714,2026-10-02 12:02:53,TAX_POOL_CREDIT,Self Rebirth TAX POOL CREDIT,SELF_REBIRTH_250,15.00,15.00,0.00,6048.31
6715,2026-10-02 12:02:53,INCOME_CREDIT_75,e-Edu LEVEL BONUS,RANK_UPGRADE,750.00,750.00,0.00,7048.31
6716,2026-10-02 12:02:53,SELF_ACCOUNT_CREDIT,e-Edu LEVEL BONUS,RANK_UPGRADE,250.00,0.00,250.00,7048.31
6717,2026-10-02 12:02:53,SELF_ACCOUNT_DEBIT,Auto Repurchase Pack (Rs.250),SELF_250_PACK,-250.00,0.00,-250.00,6798.31
6718,2026-10-02 12:02:53,INCOME_CREDIT_75,Self Rebirth AUTOPOOL BONUS FIVE,SELF_REBIRTH_250,6.00,6.00,0.00,6806.31
6719,2026-10-02 12:02:53,SELF_ACCOUNT_CREDIT,Self Rebirth AUTOPOOL BONUS FIVE,SELF_REBIRTH_250,2.00,0.00,2.00,6806.31
6720,2026-10-02 12:02:53,INCOME_CREDIT_75,Self Rebirth AUTOPOOL BONUS FIVE,SELF_REBIRTH_250,6.00,6.00,0.00,6814.31
6721,2026-10-02 12:02:53,SELF_ACCOUNT_CREDIT,Self Rebirth AUTOPOOL BONUS FIVE,SELF_REBIRTH_250,2.00,0.00,2.00,6814.31
6722,2026-10-02 12:02:53,INCOME_CREDIT_75,Self Rebirth AUTOPOOL BONUS THREE,SELF_REBIRTH_250,1.00,1.00,0.00,6807.64
6723,2026-10-02 12:02:53,SELF_ACCOUNT_CREDIT,Self Rebirth AUTOPOOL BONUS THREE,SELF_REBIRTH_250,0.33,0.00,0.33,6807.64
6724,2026-10-02 12:02:53,INCOME_CREDIT_75,Self Rebirth AUTOPOOL BONUS THREE,SELF_REBIRTH_250,1.00,1.00,0.00,6808.97
6725,2026-10-02 12:02:53,SELF_ACCOUNT_CREDIT,Self Rebirth AUTOPOOL BONUS THREE,SELF_REBIRTH_250,0.33,0.00,0.33,6808.97
6726,2026-10-02 12:02:53,INCOME_CREDIT_75,Self Rebirth DIRECT REF BONUS,SELF_REBIRTH_250,30.00,30.00,0.00,6847.64
6727,2026-10-02 12:02:53,SELF_ACCOUNT_CREDIT,Self Rebirth DIRECT REF BONUS,SELF_REBIRTH_250,10.00,0.00,10.00,6847.64
6728,2026-10-02 12:02:53,TAX_POOL_CREDIT,Self Rebirth TAX POOL CREDIT,SELF_REBIRTH_250,15.00,15.00,0.00,6862.64
6729,2026-10-02 12:03:17,INCOME_CREDIT_75,e-Edu DIRECT REF BONUS,RANK_UPGRADE,1875.00,1875.00,0.00,9362.64
6730,2026-10-02 12:03:17,SELF_ACCOUNT_CREDIT,e-Edu DIRECT REF BONUS,RANK_UPGRADE,625.00,0.00,625.00,9362.64
6731,2026-10-02 12:03:17,SELF_ACCOUNT_DEBIT,Auto Repurchase Pack (Rs.250),SELF_250_PACK,-250.00,0.00,-250.00,9112.64
6732,2026-10-02 12:03:17,INCOME_CREDIT_75,Self Rebirth AUTOPOOL BONUS FIVE,SELF_REBIRTH_250,6.00,6.00,0.00,9120.64
6733,2026-10-02 12:03:17,SELF_ACCOUNT_CREDIT,Self Rebirth AUTOPOOL BONUS FIVE,SELF_REBIRTH_250,2.00,0.00,2.00,9120.64
6734,2026-10-02 12:03:17,INCOME_CREDIT_75,Self Rebirth AUTOPOOL BONUS FIVE,SELF_REBIRTH_250,6.00,6.00,0.00,9128.64
6735,2026-10-02 12:03:17,SELF_ACCOUNT_CREDIT,Self Rebirth AUTOPOOL BONUS FIVE,SELF_REBIRTH_250,2.00,0.00,2.00,9128.64
6736,2026-10-02 12:03:17,INCOME_CREDIT_75,Self Rebirth AUTOPOOL BONUS THREE,SELF_REBIRTH_250,1.00,1.00,0.00,9121.97
6737,2026-10-02 12:03:17,SELF_ACCOUNT_CREDIT,Self Rebirth AUTOPOOL BONUS THREE,SELF_REBIRTH_250,0.33,0.00,0.33,9121.97
6738,2026-10-02 12:03:17,INCOME_CREDIT_75,Self Rebirth AUTOPOOL BONUS THREE,SELF_REBIRTH_250,1.00,1.00,0.00,9123.30
6739,2026-10-02 12:03:17,SELF_ACCOUNT_CREDIT,Self Rebirth AUTOPOOL BONUS THREE,SELF_REBIRTH_250,0.33,0.00,0.33,9123.30
6740,2026-10-02 12:03:17,INCOME_CREDIT_75,Self Rebirth DIRECT REF BONUS,SELF_REBIRTH_250,30.00,30.00,0.00,9161.97
6741,2026-10-02 12:03:17,SELF_ACCOUNT_CREDIT,Self Rebirth DIRECT REF BONUS,SELF_REBIRTH_250,10.00,0.00,10.00,9161.97
6742,2026-10-02 12:03:17,TAX_POOL_CREDIT,Self Rebirth TAX POOL CREDIT,SELF_REBIRTH_250,15.00,15.00,0.00,9176.97
6743,2026-10-02 12:03:17,SELF_ACCOUNT_DEBIT,Auto Repurchase Pack (Rs.250),SELF_250_PACK,-250.00,0.00,-250.00,8926.97
6744,2026-10-02 12:03:17,INCOME_CREDIT_75,Self Rebirth AUTOPOOL BONUS FIVE,SELF_REBIRTH_250,6.00,6.00,0.00,8934.97
6745,2026-10-02 12:03:17,SELF_ACCOUNT_CREDIT,Self Rebirth AUTOPOOL BONUS FIVE,SELF_REBIRTH_250,2.00,0.00,2.00,8934.97
6746,2026-10-02 12:03:17,INCOME_CREDIT_75,Self Rebirth AUTOPOOL BONUS FIVE,SELF_REBIRTH_250,6.00,6.00,0.00,8942.97
6747,2026-10-02 12:03:17,SELF_ACCOUNT_CREDIT,Self Rebirth AUTOPOOL BONUS FIVE,SELF_REBIRTH_250,2.00,0.00,2.00,8942.97
6748,2026-10-02 12:03:17,INCOME_CREDIT_75,Self Rebirth AUTOPOOL BONUS THREE,SELF_REBIRTH_250,1.00,1.00,0.00,8936.30
6749,2026-10-02 12:03:17,SELF_ACCOUNT_CREDIT,Self Rebirth AUTOPOOL BONUS THREE,SELF_REBIRTH_250,0.33,0.00,0.33,8936.30
6750,2026-10-02 12:03:17,INCOME_CREDIT_75,Self Rebirth AUTOPOOL BONUS THREE,SELF_REBIRTH_250,1.00,1.00,0.00,8937.63
6751,2026-10-02 12:03:17,SELF_ACCOUNT_CREDIT,Self Rebirth AUTOPOOL BONUS THREE,SELF_REBIRTH_250,0.33,0.00,0.33,8937.63
6752,2026-10-02 12:03:18,INCOME_CREDIT_75,Self Rebirth DIRECT REF BONUS,SELF_REBIRTH_250,30.00,30.00,0.00,8976.30
6753,2026-10-02 12:03:18,SELF_ACCOUNT_CREDIT,Self Rebirth DIRECT REF BONUS,SELF_REBIRTH_250,10.00,0.00,10.00,8976.30
6754,2026-10-02 12:03:18,TAX_POOL_CREDIT,Self Rebirth TAX POOL CREDIT,SELF_REBIRTH_250,15.00,15.00,0.00,8991.30
6755,2026-10-02 12:03:18,SELF_ACCOUNT_DEBIT,Auto Repurchase Pack (Rs.250),SELF_250_PACK,-250.00,0.00,-250.00,8741.30
6756,2026-10-02 12:03:18,INCOME_CREDIT_75,Self Rebirth AUTOPOOL BONUS FIVE,SELF_REBIRTH_250,6.00,6.00,0.00,8749.30
6757,2026-10-02 12:03:18,SELF_ACCOUNT_CREDIT,Self Rebirth AUTOPOOL BONUS FIVE,SELF_REBIRTH_250,2.00,0.00,2.00,8749.30
6758,2026-10-02 12:03:18,INCOME_CREDIT_75,Self Rebirth AUTOPOOL BONUS FIVE,SELF_REBIRTH_250,6.00,6.00,0.00,8757.30
6759,2026-10-02 12:03:18,SELF_ACCOUNT_CREDIT,Self Rebirth AUTOPOOL BONUS FIVE,SELF_REBIRTH_250,2.00,0.00,2.00,8757.30
6760,2026-10-02 12:03:18,INCOME_CREDIT_75,Self Rebirth AUTOPOOL BONUS THREE,SELF_REBIRTH_250,1.00,1.00,0.00,8750.63
6761,2026-10-02 12:03:18,SELF_ACCOUNT_CREDIT,Self Rebirth AUTOPOOL BONUS THREE,SELF_REBIRTH_250,0.33,0.00,0.33,8750.63
6762,2026-10-02 12:03:18,INCOME_CREDIT_75,Self Rebirth AUTOPOOL BONUS THREE,SELF_REBIRTH_250,1.00,1.00,0.00,8751.96
6763,2026-10-02 12:03:18,SELF_ACCOUNT_CREDIT,Self Rebirth AUTOPOOL BONUS THREE,SELF_REBIRTH_250,0.33,0.00,0.33,8751.96
6764,2026-10-02 12:03:18,INCOME_CREDIT_75,Self Rebirth AUTOPOOL BONUS THREE,SELF_REBIRTH_250,1.00,1.00,0.00,8751.96
6765,2026-10-02 12:03:18,SELF_ACCOUNT_CREDIT,Self Rebirth AUTOPOOL BONUS THREE,SELF_REBIRTH_250,0.33,0.00,0.33,8751.96
6766,2026-10-02 12:03:18,INCOME_CREDIT_75,Self Rebirth DIRECT REF BONUS,SELF_REBIRTH_250,30.00,30.00,0.00,8790.63
6767,2026-10-02 12:03:18,SELF_ACCOUNT_CREDIT,Self Rebirth DIRECT REF BONUS,SELF_REBIRTH_250,10.00,0.00,10.00,8790.63
6768,2026-10-02 12:03:18,TAX_POOL_CREDIT,Self Rebirth TAX POOL CREDIT,SELF_REBIRTH_250,15.00,15.00,0.00,8805.63
6769,2026-10-02 12:03:18,INCOME_CREDIT_75,e-Edu LEVEL BONUS,RANK_UPGRADE,1875.00,1875.00,0.00,11305.63
6770,2026-10-02 12:03:18,SELF_ACCOUNT_CREDIT,e-Edu LEVEL BONUS,RANK_UPGRADE,625.00,0.00,625.00,11305.63
6771,2026-10-02 12:03:18,SELF_ACCOUNT_DEBIT,Auto Repurchase Pack (Rs.250),SELF_250_PACK,-250.00,0.00,-250.00,11055.63
6772,2026-10-02 12:03:18,INCOME_CREDIT_75,Self Rebirth AUTOPOOL BONUS FIVE,SELF_REBIRTH_250,6.00,6.00,0.00,11063.63
6773,2026-10-02 12:03:18,SELF_ACCOUNT_CREDIT,Self Rebirth AUTOPOOL BONUS FIVE,SELF_REBIRTH_250,2.00,0.00,2.00,11063.63
6774,2026-10-02 12:03:18,INCOME_CREDIT_75,Self Rebirth AUTOPOOL BONUS FIVE,SELF_REBIRTH_250,6.00,6.00,0.00,11071.63
6775,2026-10-02 12:03:18,SELF_ACCOUNT_CREDIT,Self Rebirth AUTOPOOL BONUS FIVE,SELF_REBIRTH_250,2.00,0.00,2.00,11071.63
6776,2026-10-02 12:03:18,INCOME_CREDIT_75,Self Rebirth AUTOPOOL BONUS THREE,SELF_REBIRTH_250,1.00,1.00,0.00,11064.96
6777,2026-10-02 12:03:18,SELF_ACCOUNT_CREDIT,Self Rebirth AUTOPOOL BONUS THREE,SELF_REBIRTH_250,0.33,0.00,0.33,11064.96
6778,2026-10-02 12:03:19,INCOME_CREDIT_75,Self Rebirth AUTOPOOL BONUS THREE,SELF_REBIRTH_250,1.00,1.00,0.00,11066.29
6779,2026-10-02 12:03:19,SELF_ACCOUNT_CREDIT,Self Rebirth AUTOPOOL BONUS THREE,SELF_REBIRTH_250,0.33,0.00,0.33,11066.29
6780,2026-10-02 12:03:19,INCOME_CREDIT_75,Self Rebirth AUTOPOOL BONUS THREE,SELF_REBIRTH_250,1.00,1.00,0.00,11066.29
6781,2026-10-02 12:03:19,SELF_ACCOUNT_CREDIT,Self Rebirth AUTOPOOL BONUS THREE,SELF_REBIRTH_250,0.33,0.00,0.33,11066.29
6782,2026-10-02 12:03:19,INCOME_CREDIT_75,Self Rebirth DIRECT REF BONUS,SELF_REBIRTH_250,30.00,30.00,0.00,11104.96
6783,2026-10-02 12:03:19,SELF_ACCOUNT_CREDIT,Self Rebirth DIRECT REF BONUS,SELF_REBIRTH_250,10.00,0.00,10.00,11104.96
6784,2026-10-02 12:03:19,TAX_POOL_CREDIT,Self Rebirth TAX POOL CREDIT,SELF_REBIRTH_250,15.00,15.00,0.00,11119.96
6785,2026-10-02 12:03:19,SELF_ACCOUNT_DEBIT,Auto Repurchase Pack (Rs.250),SELF_250_PACK,-250.00,0.00,-250.00,10869.96
6786,2026-10-02 12:03:19,INCOME_CREDIT_75,Self Rebirth AUTOPOOL BONUS FIVE,SELF_REBIRTH_250,6.00,6.00,0.00,10877.96
6787,2026-10-02 12:03:19,SELF_ACCOUNT_CREDIT,Self Rebirth AUTOPOOL BONUS FIVE,SELF_REBIRTH_250,2.00,0.00,2.00,10877.96
6788,2026-10-02 12:03:19,INCOME_CREDIT_75,Self Rebirth AUTOPOOL BONUS FIVE,SELF_REBIRTH_250,6.00,6.00,0.00,10885.96
6789,2026-10-02 12:03:19,SELF_ACCOUNT_CREDIT,Self Rebirth AUTOPOOL BONUS FIVE,SELF_REBIRTH_250,2.00,0.00,2.00,10885.96
6790,2026-10-02 12:03:19,INCOME_CREDIT_75,Self Rebirth AUTOPOOL BONUS THREE,SELF_REBIRTH_250,1.00,1.00,0.00,10879.29
6791,2026-10-02 12:03:19,SELF_ACCOUNT_CREDIT,Self Rebirth AUTOPOOL BONUS THREE,SELF_REBIRTH_250,0.33,0.00,0.33,10879.29
6792,2026-10-02 12:03:19,INCOME_CREDIT_75,Self Rebirth AUTOPOOL BONUS THREE,SELF_REBIRTH_250,1.00,1.00,0.00,10880.62
6793,2026-10-02 12:03:19,SELF_ACCOUNT_CREDIT,Self Rebirth AUTOPOOL BONUS THREE,SELF_REBIRTH_250,0.33,0.00,0.33,10880.62
6794,2026-10-02 12:03:19,INCOME_CREDIT_75,Self Rebirth AUTOPOOL BONUS THREE,SELF_REBIRTH_250,1.00,1.00,0.00,10880.62
6795,2026-10-02 12:03:19,SELF_ACCOUNT_CREDIT,Self Rebirth AUTOPOOL BONUS THREE,SELF_REBIRTH_250,0.33,0.00,0.33,10880.62
6796,2026-10-02 12:03:19,INCOME_CREDIT_75,Self Rebirth DIRECT REF BONUS,SELF_REBIRTH_250,30.00,30.00,0.00,10919.29
6797,2026-10-02 12:03:19,SELF_ACCOUNT_CREDIT,Self Rebirth DIRECT REF BONUS,SELF_REBIRTH_250,10.00,0.00,10.00,10919.29
6798,2026-10-02 12:03:19,TAX_POOL_CREDIT,Self Rebirth TAX POOL CREDIT,SELF_REBIRTH_250,15.00,15.00,0.00,10934.29
6799,2026-10-02 12:03:21,INCOME_CREDIT_75,e-Edu DIRECT REF BONUS,RANK_UPGRADE,3750.00,3750.00,0.00,15934.29
6800,2026-10-02 12:03:21,SELF_ACCOUNT_CREDIT,e-Edu DIRECT REF BONUS,RANK_UPGRADE,1250.00,0.00,1250.00,15934.29
6801,2026-10-02 12:03:21,SELF_ACCOUNT_DEBIT,Auto Repurchase Pack (Rs.250),SELF_250_PACK,-250.00,0.00,-250.00,15684.29
6802,2026-10-02 12:03:21,INCOME_CREDIT_75,Self Rebirth AUTOPOOL BONUS FIVE,SELF_REBIRTH_250,6.00,6.00,0.00,15692.29
6803,2026-10-02 12:03:21,SELF_ACCOUNT_CREDIT,Self Rebirth AUTOPOOL BONUS FIVE,SELF_REBIRTH_250,2.00,0.00,2.00,15692.29
6804,2026-10-02 12:03:21,INCOME_CREDIT_75,Self Rebirth AUTOPOOL BONUS FIVE,SELF_REBIRTH_250,6.00,6.00,0.00,15700.29
6805,2026-10-02 12:03:21,SELF_ACCOUNT_CREDIT,Self Rebirth AUTOPOOL BONUS FIVE,SELF_REBIRTH_250,2.00,0.00,2.00,15700.29
6806,2026-10-02 12:03:21,INCOME_CREDIT_75,Self Rebirth AUTOPOOL BONUS THREE,SELF_REBIRTH_250,1.00,1.00,0.00,15693.62
6807,2026-10-02 12:03:21,SELF_ACCOUNT_CREDIT,Self Rebirth AUTOPOOL BONUS THREE,SELF_REBIRTH_250,0.33,0.00,0.33,15693.62
6808,2026-10-02 12:03:22,INCOME_CREDIT_75,Self Rebirth AUTOPOOL BONUS THREE,SELF_REBIRTH_250,1.00,1.00,0.00,15694.95
6809,2026-10-02 12:03:22,SELF_ACCOUNT_CREDIT,Self Rebirth AUTOPOOL BONUS THREE,SELF_REBIRTH_250,0.33,0.00,0.33,15694.95
6810,2026-10-02 12:03:22,INCOME_CREDIT_75,Self Rebirth AUTOPOOL BONUS THREE,SELF_REBIRTH_250,1.00,1.00,0.00,15694.95
6811,2026-10-02 12:03:22,SELF_ACCOUNT_CREDIT,Self Rebirth AUTOPOOL BONUS THREE,SELF_REBIRTH_250,0.33,0.00,0.33,15694.95
6812,2026-10-02 12:03:22,INCOME_CREDIT_75,Self Rebirth DIRECT REF BONUS,SELF_REBIRTH_250,30.00,30.00,0.00,15733.62
6813,2026-10-02 12:03:22,SELF_ACCOUNT_CREDIT,Self Rebirth DIRECT REF BONUS,SELF_REBIRTH_250,10.00,0.00,10.00,15733.62
6814,2026-10-02 12:03:22,TAX_POOL_CREDIT,Self Rebirth TAX POOL CREDIT,SELF_REBIRTH_250,15.00,15.00,0.00,15748.62
6815,2026-10-02 12:03:22,SELF_ACCOUNT_DEBIT,Auto Repurchase Pack (Rs.250),SELF_250_PACK,-250.00,0.00,-250.00,15498.62
6816,2026-10-02 12:03:22,INCOME_CREDIT_75,Self Rebirth AUTOPOOL BONUS FIVE,SELF_REBIRTH_250,6.00,6.00,0.00,15506.62
6817,2026-10-02 12:03:22,SELF_ACCOUNT_CREDIT,Self Rebirth AUTOPOOL BONUS FIVE,SELF_REBIRTH_250,2.00,0.00,2.00,15506.62
6818,2026-10-02 12:03:22,INCOME_CREDIT_75,Self Rebirth AUTOPOOL BONUS FIVE,SELF_REBIRTH_250,6.00,6.00,0.00,15514.62
6819,2026-10-02 12:03:22,SELF_ACCOUNT_CREDIT,Self Rebirth AUTOPOOL BONUS FIVE,SELF_REBIRTH_250,2.00,0.00,2.00,15514.62
6820,2026-10-02 12:03:22,INCOME_CREDIT_75,Self Rebirth AUTOPOOL BONUS THREE,SELF_REBIRTH_250,1.00,1.00,0.00,15507.95
6821,2026-10-02 12:03:22,SELF_ACCOUNT_CREDIT,Self Rebirth AUTOPOOL BONUS THREE,SELF_REBIRTH_250,0.33,0.00,0.33,15507.95
6822,2026-10-02 12:03:22,INCOME_CREDIT_75,Self Rebirth AUTOPOOL BONUS THREE,SELF_REBIRTH_250,1.00,1.00,0.00,15509.28
6823,2026-10-02 12:03:22,SELF_ACCOUNT_CREDIT,Self Rebirth AUTOPOOL BONUS THREE,SELF_REBIRTH_250,0.33,0.00,0.33,15509.28
6824,2026-10-02 12:03:22,INCOME_CREDIT_75,Self Rebirth AUTOPOOL BONUS THREE,SELF_REBIRTH_250,1.00,1.00,0.00,15509.28
6825,2026-10-02 12:03:22,SELF_ACCOUNT_CREDIT,Self Rebirth AUTOPOOL BONUS THREE,SELF_REBIRTH_250,0.33,0.00,0.33,15509.28
6826,2026-10-02 12:03:22,INCOME_CREDIT_75,Self Rebirth DIRECT REF BONUS,SELF_REBIRTH_250,30.00,30.00,0.00,15547.95
6827,2026-10-02 12:03:22,SELF_ACCOUNT_CREDIT,Self Rebirth DIRECT REF BONUS,SELF_REBIRTH_250,10.00,0.00,10.00,15547.95
6828,2026-10-02 12:03:22,TAX_POOL_CREDIT,Self Rebirth TAX POOL CREDIT,SELF_REBIRTH_250,15.00,15.00,0.00,15562.95
6829,2026-10-02 12:03:22,SELF_ACCOUNT_DEBIT,Auto Repurchase Pack (Rs.250),SELF_250_PACK,-250.00,0.00,-250.00,15312.95
6830,2026-10-02 12:03:22,INCOME_CREDIT_75,Self Rebirth AUTOPOOL BONUS FIVE,SELF_REBIRTH_250,6.00,6.00,0.00,15320.95
6831,2026-10-02 12:03:22,SELF_ACCOUNT_CREDIT,Self Rebirth AUTOPOOL BONUS FIVE,SELF_REBIRTH_250,2.00,0.00,2.00,15320.95
6832,2026-10-02 12:03:22,INCOME_CREDIT_75,Self Rebirth AUTOPOOL BONUS FIVE,SELF_REBIRTH_250,6.00,6.00,0.00,15328.95
6833,2026-10-02 12:03:22,SELF_ACCOUNT_CREDIT,Self Rebirth AUTOPOOL BONUS FIVE,SELF_REBIRTH_250,2.00,0.00,2.00,15328.95
6834,2026-10-02 12:03:22,INCOME_CREDIT_75,Self Rebirth AUTOPOOL BONUS THREE,SELF_REBIRTH_250,1.00,1.00,0.00,15322.28
6835,2026-10-02 12:03:22,SELF_ACCOUNT_CREDIT,Self Rebirth AUTOPOOL BONUS THREE,SELF_REBIRTH_250,0.33,0.00,0.33,15322.28
6836,2026-10-02 12:03:22,INCOME_CREDIT_75,Self Rebirth AUTOPOOL BONUS THREE,SELF_REBIRTH_250,1.00,1.00,0.00,15323.61
6837,2026-10-02 12:03:22,SELF_ACCOUNT_CREDIT,Self Rebirth AUTOPOOL BONUS THREE,SELF_REBIRTH_250,0.33,0.00,0.33,15323.61
6838,2026-10-02 12:03:22,INCOME_CREDIT_75,Self Rebirth AUTOPOOL BONUS THREE,SELF_REBIRTH_250,1.00,1.00,0.00,15323.61
6839,2026-10-02 12:03:22,SELF_ACCOUNT_CREDIT,Self Rebirth AUTOPOOL BONUS THREE,SELF_REBIRTH_250,0.33,0.00,0.33,15323.61
6840,2026-10-02 12:03:22,INCOME_CREDIT_75,Self Rebirth DIRECT REF BONUS,SELF_REBIRTH_250,30.00,30.00,0.00,15362.28
6841,2026-10-02 12:03:22,SELF_ACCOUNT_CREDIT,Self Rebirth DIRECT REF BONUS,SELF_REBIRTH_250,10.00,0.00,10.00,15362.28
6842,2026-10-02 12:03:23,TAX_POOL_CREDIT,Self Rebirth TAX POOL CREDIT,SELF_REBIRTH_250,15.00,15.00,0.00,15377.28
6843,2026-10-02 12:03:23,SELF_ACCOUNT_DEBIT,Auto Repurchase Pack (Rs.250),SELF_250_PACK,-250.00,0.00,-250.00,15127.28
6844,2026-10-02 12:03:23,INCOME_CREDIT_75,Self Rebirth AUTOPOOL BONUS FIVE,SELF_REBIRTH_250,6.00,6.00,0.00,15135.28
6845,2026-10-02 12:03:23,SELF_ACCOUNT_CREDIT,Self Rebirth AUTOPOOL BONUS FIVE,SELF_REBIRTH_250,2.00,0.00,2.00,15135.28
6846,2026-10-02 12:03:23,INCOME_CREDIT_75,Self Rebirth AUTOPOOL BONUS FIVE,SELF_REBIRTH_250,6.00,6.00,0.00,15143.28
6847,2026-10-02 12:03:23,SELF_ACCOUNT_CREDIT,Self Rebirth AUTOPOOL BONUS FIVE,SELF_REBIRTH_250,2.00,0.00,2.00,15143.28
6848,2026-10-02 12:03:23,INCOME_CREDIT_75,Self Rebirth AUTOPOOL BONUS THREE,SELF_REBIRTH_250,1.00,1.00,0.00,15136.61
6849,2026-10-02 12:03:23,SELF_ACCOUNT_CREDIT,Self Rebirth AUTOPOOL BONUS THREE,SELF_REBIRTH_250,0.33,0.00,0.33,15136.61
6850,2026-10-02 12:03:23,INCOME_CREDIT_75,Self Rebirth AUTOPOOL BONUS THREE,SELF_REBIRTH_250,1.00,1.00,0.00,15137.94
6851,2026-10-02 12:03:23,SELF_ACCOUNT_CREDIT,Self Rebirth AUTOPOOL BONUS THREE,SELF_REBIRTH_250,0.33,0.00,0.33,15137.94
6852,2026-10-02 12:03:23,INCOME_CREDIT_75,Self Rebirth AUTOPOOL BONUS THREE,SELF_REBIRTH_250,1.00,1.00,0.00,15137.94
6853,2026-10-02 12:03:23,SELF_ACCOUNT_CREDIT,Self Rebirth AUTOPOOL BONUS THREE,SELF_REBIRTH_250,0.33,0.00,0.33,15137.94
6854,2026-10-02 12:03:23,INCOME_CREDIT_75,Self Rebirth DIRECT REF BONUS,SELF_REBIRTH_250,30.00,30.00,0.00,15176.61
6855,2026-10-02 12:03:23,SELF_ACCOUNT_CREDIT,Self Rebirth DIRECT REF BONUS,SELF_REBIRTH_250,10.00,0.00,10.00,15176.61
6856,2026-10-02 12:03:23,TAX_POOL_CREDIT,Self Rebirth TAX POOL CREDIT,SELF_REBIRTH_250,15.00,15.00,0.00,15191.61
6857,2026-10-02 12:03:23,SELF_ACCOUNT_DEBIT,Auto Repurchase Pack (Rs.250),SELF_250_PACK,-250.00,0.00,-250.00,14941.61
6858,2026-10-02 12:03:23,INCOME_CREDIT_75,Self Rebirth AUTOPOOL BONUS FIVE,SELF_REBIRTH_250,6.00,6.00,0.00,14949.61
6859,2026-10-02 12:03:23,SELF_ACCOUNT_CREDIT,Self Rebirth AUTOPOOL BONUS FIVE,SELF_REBIRTH_250,2.00,0.00,2.00,14949.61
6860,2026-10-02 12:03:23,INCOME_CREDIT_75,Self Rebirth AUTOPOOL BONUS FIVE,SELF_REBIRTH_250,6.00,6.00,0.00,14957.61
6861,2026-10-02 12:03:23,SELF_ACCOUNT_CREDIT,Self Rebirth AUTOPOOL BONUS FIVE,SELF_REBIRTH_250,2.00,0.00,2.00,14957.61
6862,2026-10-02 12:03:23,INCOME_CREDIT_75,Self Rebirth AUTOPOOL BONUS THREE,SELF_REBIRTH_250,1.00,1.00,0.00,14950.94
6863,2026-10-02 12:03:23,SELF_ACCOUNT_CREDIT,Self Rebirth AUTOPOOL BONUS THREE,SELF_REBIRTH_250,0.33,0.00,0.33,14950.94
6864,2026-10-02 12:03:23,INCOME_CREDIT_75,Self Rebirth AUTOPOOL BONUS THREE,SELF_REBIRTH_250,1.00,1.00,0.00,14952.27
6865,2026-10-02 12:03:23,SELF_ACCOUNT_CREDIT,Self Rebirth AUTOPOOL BONUS THREE,SELF_REBIRTH_250,0.33,0.00,0.33,14952.27
6866,2026-10-02 12:03:23,INCOME_CREDIT_75,Self Rebirth AUTOPOOL BONUS THREE,SELF_REBIRTH_250,1.00,1.00,0.00,14952.27
6867,2026-10-02 12:03:23,SELF_ACCOUNT_CREDIT,Self Rebirth AUTOPOOL BONUS THREE,SELF_REBIRTH_250,0.33,0.00,0.33,14952.27
6868,2026-10-02 12:03:23,INCOME_CREDIT_75,Self Rebirth DIRECT REF BONUS,SELF_REBIRTH_250,30.00,30.00,0.00,14990.94
6869,2026-10-02 12:03:23,SELF_ACCOUNT_CREDIT,Self Rebirth DIRECT REF BONUS,SELF_REBIRTH_250,10.00,0.00,10.00,14990.94
6870,2026-10-02 12:03:23,TAX_POOL_CREDIT,Self Rebirth TAX POOL CREDIT,SELF_REBIRTH_250,15.00,15.00,0.00,15005.94
6871,2026-10-02 12:03:23,SELF_ACCOUNT_DEBIT,Auto Repurchase Pack (Rs.250),SELF_250_PACK,-250.00,0.00,-250.00,14755.94
6872,2026-10-02 12:03:24,INCOME_CREDIT_75,Self Rebirth AUTOPOOL BONUS FIVE,SELF_REBIRTH_250,6.00,6.00,0.00,14763.94
6873,2026-10-02 12:03:24,SELF_ACCOUNT_CREDIT,Self Rebirth AUTOPOOL BONUS FIVE,SELF_REBIRTH_250,2.00,0.00,2.00,14763.94
6874,2026-10-02 12:03:24,INCOME_CREDIT_75,Self Rebirth AUTOPOOL BONUS FIVE,SELF_REBIRTH_250,6.00,6.00,0.00,14771.94
6875,2026-10-02 12:03:24,SELF_ACCOUNT_CREDIT,Self Rebirth AUTOPOOL BONUS FIVE,SELF_REBIRTH_250,2.00,0.00,2.00,14771.94
6876,2026-10-02 12:03:24,INCOME_CREDIT_75,Self Rebirth AUTOPOOL BONUS THREE,SELF_REBIRTH_250,1.00,1.00,0.00,14765.27
6877,2026-10-02 12:03:24,SELF_ACCOUNT_CREDIT,Self Rebirth AUTOPOOL BONUS THREE,SELF_REBIRTH_250,0.33,0.00,0.33,14765.27
6878,2026-10-02 12:03:24,INCOME_CREDIT_75,Self Rebirth AUTOPOOL BONUS THREE,SELF_REBIRTH_250,1.00,1.00,0.00,14766.60
6879,2026-10-02 12:03:24,SELF_ACCOUNT_CREDIT,Self Rebirth AUTOPOOL BONUS THREE,SELF_REBIRTH_250,0.33,0.00,0.33,14766.60
6880,2026-10-02 12:03:24,INCOME_CREDIT_75,Self Rebirth AUTOPOOL BONUS THREE,SELF_REBIRTH_250,1.00,1.00,0.00,14766.60
6881,2026-10-02 12:03:24,SELF_ACCOUNT_CREDIT,Self Rebirth AUTOPOOL BONUS THREE,SELF_REBIRTH_250,0.33,0.00,0.33,14766.60
6882,2026-10-02 12:03:24,INCOME_CREDIT_75,Self Rebirth DIRECT REF BONUS,SELF_REBIRTH_250,30.00,30.00,0.00,14805.27
6883,2026-10-02 12:03:24,SELF_ACCOUNT_CREDIT,Self Rebirth DIRECT REF BONUS,SELF_REBIRTH_250,10.00,0.00,10.00,14805.27
6884,2026-10-02 12:03:24,TAX_POOL_CREDIT,Self Rebirth TAX POOL CREDIT,SELF_REBIRTH_250,15.00,15.00,0.00,14820.27
6885,2026-10-02 12:03:24,INCOME_CREDIT_75,e-Edu LEVEL BONUS,RANK_UPGRADE,3750.00,3750.00,0.00,19820.27
6886,2026-10-02 12:03:24,SELF_ACCOUNT_CREDIT,e-Edu LEVEL BONUS,RANK_UPGRADE,1250.00,0.00,1250.00,19820.27
6887,2026-10-02 12:03:24,SELF_ACCOUNT_DEBIT,Auto Repurchase Pack (Rs.250),SELF_250_PACK,-250.00,0.00,-250.00,19570.27
6888,2026-10-02 12:03:24,INCOME_CREDIT_75,Self Rebirth AUTOPOOL BONUS FIVE,SELF_REBIRTH_250,6.00,6.00,0.00,19578.27
6889,2026-10-02 12:03:24,SELF_ACCOUNT_CREDIT,Self Rebirth AUTOPOOL BONUS FIVE,SELF_REBIRTH_250,2.00,0.00,2.00,19578.27
6890,2026-10-02 12:03:24,INCOME_CREDIT_75,Self Rebirth AUTOPOOL BONUS FIVE,SELF_REBIRTH_250,6.00,6.00,0.00,19586.27
6891,2026-10-02 12:03:24,SELF_ACCOUNT_CREDIT,Self Rebirth AUTOPOOL BONUS FIVE,SELF_REBIRTH_250,2.00,0.00,2.00,19586.27
6892,2026-10-02 12:03:24,INCOME_CREDIT_75,Self Rebirth AUTOPOOL BONUS THREE,SELF_REBIRTH_250,1.00,1.00,0.00,19579.60
6893,2026-10-02 12:03:24,SELF_ACCOUNT_CREDIT,Self Rebirth AUTOPOOL BONUS THREE,SELF_REBIRTH_250,0.33,0.00,0.33,19579.60
6894,2026-10-02 12:03:24,INCOME_CREDIT_75,Self Rebirth AUTOPOOL BONUS THREE,SELF_REBIRTH_250,1.00,1.00,0.00,19580.93
6895,2026-10-02 12:03:24,SELF_ACCOUNT_CREDIT,Self Rebirth AUTOPOOL BONUS THREE,SELF_REBIRTH_250,0.33,0.00,0.33,19580.93
6896,2026-10-02 12:03:24,INCOME_CREDIT_75,Self Rebirth AUTOPOOL BONUS THREE,SELF_REBIRTH_250,1.00,1.00,0.00,19580.93
6897,2026-10-02 12:03:24,SELF_ACCOUNT_CREDIT,Self Rebirth AUTOPOOL BONUS THREE,SELF_REBIRTH_250,0.33,0.00,0.33,19580.93
6898,2026-10-02 12:03:24,INCOME_CREDIT_75,Self Rebirth DIRECT REF BONUS,SELF_REBIRTH_250,30.00,30.00,0.00,19619.60
6899,2026-10-02 12:03:24,SELF_ACCOUNT_CREDIT,Self Rebirth DIRECT REF BONUS,SELF_REBIRTH_250,10.00,0.00,10.00,19619.60
6900,2026-10-02 12:03:25,TAX_POOL_CREDIT,Self Rebirth TAX POOL CREDIT,SELF_REBIRTH_250,15.00,15.00,0.00,19634.60
6901,2026-10-02 12:03:25,SELF_ACCOUNT_DEBIT,Auto Repurchase Pack (Rs.250),SELF_250_PACK,-250.00,0.00,-250.00,19384.60
6902,2026-10-02 12:03:25,INCOME_CREDIT_75,Self Rebirth AUTOPOOL BONUS FIVE,SELF_REBIRTH_250,6.00,6.00,0.00,19392.60
6903,2026-10-02 12:03:25,SELF_ACCOUNT_CREDIT,Self Rebirth AUTOPOOL BONUS FIVE,SELF_REBIRTH_250,2.00,0.00,2.00,19392.60
6904,2026-10-02 12:03:25,INCOME_CREDIT_75,Self Rebirth AUTOPOOL BONUS FIVE,SELF_REBIRTH_250,6.00,6.00,0.00,19400.60
6905,2026-10-02 12:03:25,SELF_ACCOUNT_CREDIT,Self Rebirth AUTOPOOL BONUS FIVE,SELF_REBIRTH_250,2.00,0.00,2.00,19400.60
6906,2026-10-02 12:03:25,INCOME_CREDIT_75,Self Rebirth AUTOPOOL BONUS THREE,SELF_REBIRTH_250,1.00,1.00,0.00,19393.93
6907,2026-10-02 12:03:25,SELF_ACCOUNT_CREDIT,Self Rebirth AUTOPOOL BONUS THREE,SELF_REBIRTH_250,0.33,0.00,0.33,19393.93
6908,2026-10-02 12:03:25,INCOME_CREDIT_75,Self Rebirth AUTOPOOL BONUS THREE,SELF_REBIRTH_250,1.00,1.00,0.00,19395.26
6909,2026-10-02 12:03:25,SELF_ACCOUNT_CREDIT,Self Rebirth AUTOPOOL BONUS THREE,SELF_REBIRTH_250,0.33,0.00,0.33,19395.26
6910,2026-10-02 12:03:25,INCOME_CREDIT_75,Self Rebirth AUTOPOOL BONUS THREE,SELF_REBIRTH_250,1.00,1.00,0.00,19395.26
6911,2026-10-02 12:03:25,SELF_ACCOUNT_CREDIT,Self Rebirth AUTOPOOL BONUS THREE,SELF_REBIRTH_250,0.33,0.00,0.33,19395.26
6912,2026-10-02 12:03:25,INCOME_CREDIT_75,Self Rebirth DIRECT REF BONUS,SELF_REBIRTH_250,30.00,30.00,0.00,19433.93
6913,2026-10-02 12:03:25,SELF_ACCOUNT_CREDIT,Self Rebirth DIRECT REF BONUS,SELF_REBIRTH_250,10.00,0.00,10.00,19433.93
6914,2026-10-02 12:03:25,TAX_POOL_CREDIT,Self Rebirth TAX POOL CREDIT,SELF_REBIRTH_250,15.00,15.00,0.00,19448.93
6915,2026-10-02 12:03:25,SELF_ACCOUNT_DEBIT,Auto Repurchase Pack (Rs.250),SELF_250_PACK,-250.00,0.00,-250.00,19198.93
6916,2026-10-02 12:03:25,INCOME_CREDIT_75,Self Rebirth AUTOPOOL BONUS FIVE,SELF_REBIRTH_250,6.00,6.00,0.00,19206.93
6917,2026-10-02 12:03:25,SELF_ACCOUNT_CREDIT,Self Rebirth AUTOPOOL BONUS FIVE,SELF_REBIRTH_250,2.00,0.00,2.00,19206.93
6918,2026-10-02 12:03:25,INCOME_CREDIT_75,Self Rebirth AUTOPOOL BONUS FIVE,SELF_REBIRTH_250,6.00,6.00,0.00,19214.93
6919,2026-10-02 12:03:25,SELF_ACCOUNT_CREDIT,Self Rebirth AUTOPOOL BONUS FIVE,SELF_REBIRTH_250,2.00,0.00,2.00,19214.93
6920,2026-10-02 12:03:25,INCOME_CREDIT_75,Self Rebirth AUTOPOOL BONUS THREE,SELF_REBIRTH_250,1.00,1.00,0.00,19208.26
6921,2026-10-02 12:03:25,SELF_ACCOUNT_CREDIT,Self Rebirth AUTOPOOL BONUS THREE,SELF_REBIRTH_250,0.33,0.00,0.33,19208.26
6922,2026-10-02 12:03:26,INCOME_CREDIT_75,Self Rebirth AUTOPOOL BONUS THREE,SELF_REBIRTH_250,1.00,1.00,0.00,19209.59
6923,2026-10-02 12:03:26,SELF_ACCOUNT_CREDIT,Self Rebirth AUTOPOOL BONUS THREE,SELF_REBIRTH_250,0.33,0.00,0.33,19209.59
6924,2026-10-02 12:03:26,INCOME_CREDIT_75,Self Rebirth AUTOPOOL BONUS THREE,SELF_REBIRTH_250,1.00,1.00,0.00,19209.59
6925,2026-10-02 12:03:26,SELF_ACCOUNT_CREDIT,Self Rebirth AUTOPOOL BONUS THREE,SELF_REBIRTH_250,0.33,0.00,0.33,19209.59
6926,2026-10-02 12:03:26,INCOME_CREDIT_75,Self Rebirth DIRECT REF BONUS,SELF_REBIRTH_250,30.00,30.00,0.00,19248.26
6927,2026-10-02 12:03:26,SELF_ACCOUNT_CREDIT,Self Rebirth DIRECT REF BONUS,SELF_REBIRTH_250,10.00,0.00,10.00,19248.26
6928,2026-10-02 12:03:26,TAX_POOL_CREDIT,Self Rebirth TAX POOL CREDIT,SELF_REBIRTH_250,15.00,15.00,0.00,19263.26
6929,2026-10-02 12:03:26,SELF_ACCOUNT_DEBIT,Auto Repurchase Pack (Rs.250),SELF_250_PACK,-250.00,0.00,-250.00,19013.26
6930,2026-10-02 12:03:26,INCOME_CREDIT_75,Self Rebirth AUTOPOOL BONUS FIVE,SELF_REBIRTH_250,6.00,6.00,0.00,19021.26
6931,2026-10-02 12:03:26,SELF_ACCOUNT_CREDIT,Self Rebirth AUTOPOOL BONUS FIVE,SELF_REBIRTH_250,2.00,0.00,2.00,19021.26
6932,2026-10-02 12:03:26,INCOME_CREDIT_75,Self Rebirth AUTOPOOL BONUS FIVE,SELF_REBIRTH_250,6.00,6.00,0.00,19029.26
6933,2026-10-02 12:03:26,SELF_ACCOUNT_CREDIT,Self Rebirth AUTOPOOL BONUS FIVE,SELF_REBIRTH_250,2.00,0.00,2.00,19029.26
6934,2026-10-02 12:03:26,INCOME_CREDIT_75,Self Rebirth AUTOPOOL BONUS THREE,SELF_REBIRTH_250,1.00,1.00,0.00,19022.59
6935,2026-10-02 12:03:26,SELF_ACCOUNT_CREDIT,Self Rebirth AUTOPOOL BONUS THREE,SELF_REBIRTH_250,0.33,0.00,0.33,19022.59
6936,2026-10-02 12:03:26,INCOME_CREDIT_75,Self Rebirth AUTOPOOL BONUS THREE,SELF_REBIRTH_250,1.00,1.00,0.00,19023.92
6937,2026-10-02 12:03:26,SELF_ACCOUNT_CREDIT,Self Rebirth AUTOPOOL BONUS THREE,SELF_REBIRTH_250,0.33,0.00,0.33,19023.92
6938,2026-10-02 12:03:26,INCOME_CREDIT_75,Self Rebirth AUTOPOOL BONUS THREE,SELF_REBIRTH_250,1.00,1.00,0.00,19023.92
6939,2026-10-02 12:03:26,SELF_ACCOUNT_CREDIT,Self Rebirth AUTOPOOL BONUS THREE,SELF_REBIRTH_250,0.33,0.00,0.33,19023.92
6940,2026-10-02 12:03:26,INCOME_CREDIT_75,Self Rebirth DIRECT REF BONUS,SELF_REBIRTH_250,30.00,30.00,0.00,19062.59
6941,2026-10-02 12:03:26,SELF_ACCOUNT_CREDIT,Self Rebirth DIRECT REF BONUS,SELF_REBIRTH_250,10.00,0.00,10.00,19062.59
6942,2026-10-02 12:03:26,TAX_POOL_CREDIT,Self Rebirth TAX POOL CREDIT,SELF_REBIRTH_250,15.00,15.00,0.00,19077.59
6943,2026-10-02 12:03:26,SELF_ACCOUNT_DEBIT,Auto Repurchase Pack (Rs.250),SELF_250_PACK,-250.00,0.00,-250.00,18827.59
6944,2026-10-02 12:03:26,INCOME_CREDIT_75,Self Rebirth AUTOPOOL BONUS FIVE,SELF_REBIRTH_250,6.00,6.00,0.00,18835.59
6945,2026-10-02 12:03:26,SELF_ACCOUNT_CREDIT,Self Rebirth AUTOPOOL BONUS FIVE,SELF_REBIRTH_250,2.00,0.00,2.00,18835.59
6946,2026-10-02 12:03:26,INCOME_CREDIT_75,Self Rebirth AUTOPOOL BONUS FIVE,SELF_REBIRTH_250,6.00,6.00,0.00,18843.59
6947,2026-10-02 12:03:26,SELF_ACCOUNT_CREDIT,Self Rebirth AUTOPOOL BONUS FIVE,SELF_REBIRTH_250,2.00,0.00,2.00,18843.59
6948,2026-10-02 12:03:26,INCOME_CREDIT_75,Self Rebirth AUTOPOOL BONUS THREE,SELF_REBIRTH_250,1.00,1.00,0.00,18836.92
6949,2026-10-02 12:03:26,SELF_ACCOUNT_CREDIT,Self Rebirth AUTOPOOL BONUS THREE,SELF_REBIRTH_250,0.33,0.00,0.33,18836.92
6950,2026-10-02 12:03:26,INCOME_CREDIT_75,Self Rebirth AUTOPOOL BONUS THREE,SELF_REBIRTH_250,1.00,1.00,0.00,18838.25
6951,2026-10-02 12:03:26,SELF_ACCOUNT_CREDIT,Self Rebirth AUTOPOOL BONUS THREE,SELF_REBIRTH_250,0.33,0.00,0.33,18838.25
6952,2026-10-02 12:03:26,INCOME_CREDIT_75,Self Rebirth AUTOPOOL BONUS THREE,SELF_REBIRTH_250,1.00,1.00,0.00,18838.25
6953,2026-10-02 12:03:26,SELF_ACCOUNT_CREDIT,Self Rebirth AUTOPOOL BONUS THREE,SELF_REBIRTH_250,0.33,0.00,0.33,18838.25
6954,2026-10-02 12:03:27,INCOME_CREDIT_75,Self Rebirth DIRECT REF BONUS,SELF_REBIRTH_250,30.00,30.00,0.00,18876.92
6955,2026-10-02 12:03:27,SELF_ACCOUNT_CREDIT,Self Rebirth DIRECT REF BONUS,SELF_REBIRTH_250,10.00,0.00,10.00,18876.92
6956,2026-10-02 12:03:27,TAX_POOL_CREDIT,Self Rebirth TAX POOL CREDIT,SELF_REBIRTH_250,15.00,15.00,0.00,18891.92
6957,2026-10-02 12:03:29,INCOME_CREDIT_75,e-Edu DIRECT REF BONUS,RANK_UPGRADE,9375.00,9375.00,0.00,31391.92
6958,2026-10-02 12:03:29,SELF_ACCOUNT_CREDIT,e-Edu DIRECT REF BONUS,RANK_UPGRADE,3125.00,0.00,3125.00,31391.92
6959,2026-10-02 12:03:29,SELF_ACCOUNT_DEBIT,Auto Repurchase Pack (Rs.250),SELF_250_PACK,-250.00,0.00,-250.00,31141.92
6960,2026-10-02 12:03:29,INCOME_CREDIT_75,Self Rebirth AUTOPOOL BONUS FIVE,SELF_REBIRTH_250,6.00,6.00,0.00,31149.92
6961,2026-10-02 12:03:29,SELF_ACCOUNT_CREDIT,Self Rebirth AUTOPOOL BONUS FIVE,SELF_REBIRTH_250,2.00,0.00,2.00,31149.92
6962,2026-10-02 12:03:29,INCOME_CREDIT_75,Self Rebirth AUTOPOOL BONUS FIVE,SELF_REBIRTH_250,6.00,6.00,0.00,31157.92
6963,2026-10-02 12:03:29,SELF_ACCOUNT_CREDIT,Self Rebirth AUTOPOOL BONUS FIVE,SELF_REBIRTH_250,2.00,0.00,2.00,31157.92
6964,2026-10-02 12:03:29,INCOME_CREDIT_75,Self Rebirth AUTOPOOL BONUS THREE,SELF_REBIRTH_250,1.00,1.00,0.00,31151.25
6965,2026-10-02 12:03:29,SELF_ACCOUNT_CREDIT,Self Rebirth AUTOPOOL BONUS THREE,SELF_REBIRTH_250,0.33,0.00,0.33,31151.25
6966,2026-10-02 12:03:29,INCOME_CREDIT_75,Self Rebirth AUTOPOOL BONUS THREE,SELF_REBIRTH_250,1.00,1.00,0.00,31152.58
6967,2026-10-02 12:03:29,SELF_ACCOUNT_CREDIT,Self Rebirth AUTOPOOL BONUS THREE,SELF_REBIRTH_250,0.33,0.00,0.33,31152.58
6968,2026-10-02 12:03:29,INCOME_CREDIT_75,Self Rebirth AUTOPOOL BONUS THREE,SELF_REBIRTH_250,1.00,1.00,0.00,31152.58
6969,2026-10-02 12:03:29,SELF_ACCOUNT_CREDIT,Self Rebirth AUTOPOOL BONUS THREE,SELF_REBIRTH_250,0.33,0.00,0.33,31152.58
6970,2026-10-02 12:03:29,INCOME_CREDIT_75,Self Rebirth DIRECT REF BONUS,SELF_REBIRTH_250,30.00,30.00,0.00,31191.25
6971,2026-10-02 12:03:29,SELF_ACCOUNT_CREDIT,Self Rebirth DIRECT REF BONUS,SELF_REBIRTH_250,10.00,0.00,10.00,31191.25
6972,2026-10-02 12:03:29,TAX_POOL_CREDIT,Self Rebirth TAX POOL CREDIT,SELF_REBIRTH_250,15.00,15.00,0.00,31206.25
6973,2026-10-02 12:03:29,SELF_ACCOUNT_DEBIT,Auto Repurchase Pack (Rs.250),SELF_250_PACK,-250.00,0.00,-250.00,30956.25
6974,2026-10-02 12:03:29,INCOME_CREDIT_75,Self Rebirth AUTOPOOL BONUS FIVE,SELF_REBIRTH_250,6.00,6.00,0.00,30964.25
6975,2026-10-02 12:03:29,SELF_ACCOUNT_CREDIT,Self Rebirth AUTOPOOL BONUS FIVE,SELF_REBIRTH_250,2.00,0.00,2.00,30964.25
6976,2026-10-02 12:03:29,INCOME_CREDIT_75,Self Rebirth AUTOPOOL BONUS FIVE,SELF_REBIRTH_250,6.00,6.00,0.00,30972.25
6977,2026-10-02 12:03:29,SELF_ACCOUNT_CREDIT,Self Rebirth AUTOPOOL BONUS FIVE,SELF_REBIRTH_250,2.00,0.00,2.00,30972.25
6978,2026-10-02 12:03:29,INCOME_CREDIT_75,Self Rebirth AUTOPOOL BONUS THREE,SELF_REBIRTH_250,1.00,1.00,0.00,30965.58
6979,2026-10-02 12:03:29,SELF_ACCOUNT_CREDIT,Self Rebirth AUTOPOOL BONUS THREE,SELF_REBIRTH_250,0.33,0.00,0.33,30965.58
6980,2026-10-02 12:03:29,INCOME_CREDIT_75,Self Rebirth AUTOPOOL BONUS THREE,SELF_REBIRTH_250,1.00,1.00,0.00,30966.91
6981,2026-10-02 12:03:29,SELF_ACCOUNT_CREDIT,Self Rebirth AUTOPOOL BONUS THREE,SELF_REBIRTH_250,0.33,0.00,0.33,30966.91
6982,2026-10-02 12:03:29,INCOME_CREDIT_75,Self Rebirth AUTOPOOL BONUS THREE,SELF_REBIRTH_250,1.00,1.00,0.00,30966.91
6983,2026-10-02 12:03:29,SELF_ACCOUNT_CREDIT,Self Rebirth AUTOPOOL BONUS THREE,SELF_REBIRTH_250,0.33,0.00,0.33,30966.91
6984,2026-10-02 12:03:30,INCOME_CREDIT_75,Self Rebirth DIRECT REF BONUS,SELF_REBIRTH_250,30.00,30.00,0.00,31005.58
6985,2026-10-02 12:03:30,SELF_ACCOUNT_CREDIT,Self Rebirth DIRECT REF BONUS,SELF_REBIRTH_250,10.00,0.00,10.00,31005.58
6986,2026-10-02 12:03:30,TAX_POOL_CREDIT,Self Rebirth TAX POOL CREDIT,SELF_REBIRTH_250,15.00,15.00,0.00,31020.58
6987,2026-10-02 12:03:30,SELF_ACCOUNT_DEBIT,Auto Repurchase Pack (Rs.250),SELF_250_PACK,-250.00,0.00,-250.00,30770.58
6988,2026-10-02 12:03:30,INCOME_CREDIT_75,Self Rebirth AUTOPOOL BONUS FIVE,SELF_REBIRTH_250,6.00,6.00,0.00,30778.58
6989,2026-10-02 12:03:30,SELF_ACCOUNT_CREDIT,Self Rebirth AUTOPOOL BONUS FIVE,SELF_REBIRTH_250,2.00,0.00,2.00,30778.58
6990,2026-10-02 12:03:30,INCOME_CREDIT_75,Self Rebirth AUTOPOOL BONUS FIVE,SELF_REBIRTH_250,6.00,6.00,0.00,30786.58
6991,2026-10-02 12:03:30,SELF_ACCOUNT_CREDIT,Self Rebirth AUTOPOOL BONUS FIVE,SELF_REBIRTH_250,2.00,0.00,2.00,30786.58
6992,2026-10-02 12:03:30,INCOME_CREDIT_75,Self Rebirth AUTOPOOL BONUS THREE,SELF_REBIRTH_250,1.00,1.00,0.00,30779.91
6993,2026-10-02 12:03:30,SELF_ACCOUNT_CREDIT,Self Rebirth AUTOPOOL BONUS THREE,SELF_REBIRTH_250,0.33,0.00,0.33,30779.91
6994,2026-10-02 12:03:30,INCOME_CREDIT_75,Self Rebirth AUTOPOOL BONUS THREE,SELF_REBIRTH_250,1.00,1.00,0.00,30781.24
6995,2026-10-02 12:03:30,SELF_ACCOUNT_CREDIT,Self Rebirth AUTOPOOL BONUS THREE,SELF_REBIRTH_250,0.33,0.00,0.33,30781.24
6996,2026-10-02 12:03:30,INCOME_CREDIT_75,Self Rebirth AUTOPOOL BONUS THREE,SELF_REBIRTH_250,1.00,1.00,0.00,30781.24
6997,2026-10-02 12:03:30,SELF_ACCOUNT_CREDIT,Self Rebirth AUTOPOOL BONUS THREE,SELF_REBIRTH_250,0.33,0.00,0.33,30781.24
6998,2026-10-02 12:03:30,INCOME_CREDIT_75,Self Rebirth DIRECT REF BONUS,SELF_REBIRTH_250,30.00,30.00,0.00,30819.91
6999,2026-10-02 12:03:30,SELF_ACCOUNT_CREDIT,Self Rebirth DIRECT REF BONUS,SELF_REBIRTH_250,10.00,0.00,10.00,30819.91
7000,2026-10-02 12:03:30,TAX_POOL_CREDIT,Self Rebirth TAX POOL CREDIT,SELF_REBIRTH_250,15.00,15.00,0.00,30834.91
7001,2026-10-02 12:03:30,SELF_ACCOUNT_DEBIT,Auto Repurchase Pack (Rs.250),SELF_250_PACK,-250.00,0.00,-250.00,30584.91
7002,2026-10-02 12:03:30,INCOME_CREDIT_75,Self Rebirth AUTOPOOL BONUS FIVE,SELF_REBIRTH_250,6.00,6.00,0.00,30592.91
7003,2026-10-02 12:03:30,SELF_ACCOUNT_CREDIT,Self Rebirth AUTOPOOL BONUS FIVE,SELF_REBIRTH_250,2.00,0.00,2.00,30592.91
7004,2026-10-02 12:03:30,INCOME_CREDIT_75,Self Rebirth AUTOPOOL BONUS FIVE,SELF_REBIRTH_250,6.00,6.00,0.00,30600.91
7005,2026-10-02 12:03:30,SELF_ACCOUNT_CREDIT,Self Rebirth AUTOPOOL BONUS FIVE,SELF_REBIRTH_250,2.00,0.00,2.00,30600.91
7006,2026-10-02 12:03:30,INCOME_CREDIT_75,Self Rebirth AUTOPOOL BONUS THREE,SELF_REBIRTH_250,1.00,1.00,0.00,30594.24
7007,2026-10-02 12:03:30,SELF_ACCOUNT_CREDIT,Self Rebirth AUTOPOOL BONUS THREE,SELF_REBIRTH_250,0.33,0.00,0.33,30594.24
7008,2026-10-02 12:03:30,INCOME_CREDIT_75,Self Rebirth AUTOPOOL BONUS THREE,SELF_REBIRTH_250,1.00,1.00,0.00,30595.57
7009,2026-10-02 12:03:30,SELF_ACCOUNT_CREDIT,Self Rebirth AUTOPOOL BONUS THREE,SELF_REBIRTH_250,0.33,0.00,0.33,30595.57
7010,2026-10-02 12:03:30,INCOME_CREDIT_75,Self Rebirth AUTOPOOL BONUS THREE,SELF_REBIRTH_250,1.00,1.00,0.00,30595.57
7011,2026-10-02 12:03:30,SELF_ACCOUNT_CREDIT,Self Rebirth AUTOPOOL BONUS THREE,SELF_REBIRTH_250,0.33,0.00,0.33,30595.57
7012,2026-10-02 12:03:30,INCOME_CREDIT_75,Self Rebirth DIRECT REF BONUS,SELF_REBIRTH_250,30.00,30.00,0.00,30634.24
7013,2026-10-02 12:03:30,SELF_ACCOUNT_CREDIT,Self Rebirth DIRECT REF BONUS,SELF_REBIRTH_250,10.00,0.00,10.00,30634.24
7014,2026-10-02 12:03:31,TAX_POOL_CREDIT,Self Rebirth TAX POOL CREDIT,SELF_REBIRTH_250,15.00,15.00,0.00,30649.24
7015,2026-10-02 12:03:31,SELF_ACCOUNT_DEBIT,Auto Repurchase Pack (Rs.250),SELF_250_PACK,-250.00,0.00,-250.00,30399.24
7016,2026-10-02 12:03:31,INCOME_CREDIT_75,Self Rebirth AUTOPOOL BONUS FIVE,SELF_REBIRTH_250,6.00,6.00,0.00,30407.24
7017,2026-10-02 12:03:31,SELF_ACCOUNT_CREDIT,Self Rebirth AUTOPOOL BONUS FIVE,SELF_REBIRTH_250,2.00,0.00,2.00,30407.24
7018,2026-10-02 12:03:31,INCOME_CREDIT_75,Self Rebirth AUTOPOOL BONUS FIVE,SELF_REBIRTH_250,6.00,6.00,0.00,30415.24
7019,2026-10-02 12:03:31,SELF_ACCOUNT_CREDIT,Self Rebirth AUTOPOOL BONUS FIVE,SELF_REBIRTH_250,2.00,0.00,2.00,30415.24
7020,2026-10-02 12:03:31,INCOME_CREDIT_75,Self Rebirth AUTOPOOL BONUS FIVE,SELF_REBIRTH_250,6.00,6.00,0.00,30415.24
7021,2026-10-02 12:03:31,SELF_ACCOUNT_CREDIT,Self Rebirth AUTOPOOL BONUS FIVE,SELF_REBIRTH_250,2.00,0.00,2.00,30415.24
7022,2026-10-02 12:03:31,INCOME_CREDIT_75,Self Rebirth AUTOPOOL BONUS THREE,SELF_REBIRTH_250,1.00,1.00,0.00,30408.57
7023,2026-10-02 12:03:31,SELF_ACCOUNT_CREDIT,Self Rebirth AUTOPOOL BONUS THREE,SELF_REBIRTH_250,0.33,0.00,0.33,30408.57
7024,2026-10-02 12:03:31,INCOME_CREDIT_75,Self Rebirth AUTOPOOL BONUS THREE,SELF_REBIRTH_250,1.00,1.00,0.00,30409.90
7025,2026-10-02 12:03:31,SELF_ACCOUNT_CREDIT,Self Rebirth AUTOPOOL BONUS THREE,SELF_REBIRTH_250,0.33,0.00,0.33,30409.90
7026,2026-10-02 12:03:31,INCOME_CREDIT_75,Self Rebirth AUTOPOOL BONUS THREE,SELF_REBIRTH_250,1.00,1.00,0.00,30409.90
7027,2026-10-02 12:03:31,SELF_ACCOUNT_CREDIT,Self Rebirth AUTOPOOL BONUS THREE,SELF_REBIRTH_250,0.33,0.00,0.33,30409.90
7028,2026-10-02 12:03:31,INCOME_CREDIT_75,Self Rebirth DIRECT REF BONUS,SELF_REBIRTH_250,30.00,30.00,0.00,30448.57
7029,2026-10-02 12:03:31,SELF_ACCOUNT_CREDIT,Self Rebirth DIRECT REF BONUS,SELF_REBIRTH_250,10.00,0.00,10.00,30448.57
7030,2026-10-02 12:03:31,TAX_POOL_CREDIT,Self Rebirth TAX POOL CREDIT,SELF_REBIRTH_250,15.00,15.00,0.00,30463.57
7031,2026-10-02 12:03:31,SELF_ACCOUNT_DEBIT,Auto Repurchase Pack (Rs.250),SELF_250_PACK,-250.00,0.00,-250.00,30213.57
7032,2026-10-02 12:03:31,INCOME_CREDIT_75,Self Rebirth AUTOPOOL BONUS FIVE,SELF_REBIRTH_250,6.00,6.00,0.00,30221.57
7033,2026-10-02 12:03:31,SELF_ACCOUNT_CREDIT,Self Rebirth AUTOPOOL BONUS FIVE,SELF_REBIRTH_250,2.00,0.00,2.00,30221.57
7034,2026-10-02 12:03:31,INCOME_CREDIT_75,Self Rebirth AUTOPOOL BONUS FIVE,SELF_REBIRTH_250,6.00,6.00,0.00,30229.57
7035,2026-10-02 12:03:31,SELF_ACCOUNT_CREDIT,Self Rebirth AUTOPOOL BONUS FIVE,SELF_REBIRTH_250,2.00,0.00,2.00,30229.57
7036,2026-10-02 12:03:31,INCOME_CREDIT_75,Self Rebirth AUTOPOOL BONUS FIVE,SELF_REBIRTH_250,6.00,6.00,0.00,30229.57
7037,2026-10-02 12:03:31,SELF_ACCOUNT_CREDIT,Self Rebirth AUTOPOOL BONUS FIVE,SELF_REBIRTH_250,2.00,0.00,2.00,30229.57
7038,2026-10-02 12:03:31,INCOME_CREDIT_75,Self Rebirth AUTOPOOL BONUS THREE,SELF_REBIRTH_250,1.00,1.00,0.00,30222.90
7039,2026-10-02 12:03:31,SELF_ACCOUNT_CREDIT,Self Rebirth AUTOPOOL BONUS THREE,SELF_REBIRTH_250,0.33,0.00,0.33,30222.90
7040,2026-10-02 12:03:32,INCOME_CREDIT_75,Self Rebirth AUTOPOOL BONUS THREE,SELF_REBIRTH_250,1.00,1.00,0.00,30224.23
7041,2026-10-02 12:03:32,SELF_ACCOUNT_CREDIT,Self Rebirth AUTOPOOL BONUS THREE,SELF_REBIRTH_250,0.33,0.00,0.33,30224.23
7042,2026-10-02 12:03:32,INCOME_CREDIT_75,Self Rebirth AUTOPOOL BONUS THREE,SELF_REBIRTH_250,1.00,1.00,0.00,30224.23
7043,2026-10-02 12:03:32,SELF_ACCOUNT_CREDIT,Self Rebirth AUTOPOOL BONUS THREE,SELF_REBIRTH_250,0.33,0.00,0.33,30224.23
7044,2026-10-02 12:03:32,INCOME_CREDIT_75,Self Rebirth DIRECT REF BONUS,SELF_REBIRTH_250,30.00,30.00,0.00,30262.90
7045,2026-10-02 12:03:32,SELF_ACCOUNT_CREDIT,Self Rebirth DIRECT REF BONUS,SELF_REBIRTH_250,10.00,0.00,10.00,30262.90
7046,2026-10-02 12:03:32,TAX_POOL_CREDIT,Self Rebirth TAX POOL CREDIT,SELF_REBIRTH_250,15.00,15.00,0.00,30277.90
7047,2026-10-02 12:03:32,SELF_ACCOUNT_DEBIT,Auto Repurchase Pack (Rs.250),SELF_250_PACK,-250.00,0.00,-250.00,30027.90
7048,2026-10-02 12:03:32,INCOME_CREDIT_75,Self Rebirth AUTOPOOL BONUS FIVE,SELF_REBIRTH_250,6.00,6.00,0.00,30035.90
7049,2026-10-02 12:03:32,SELF_ACCOUNT_CREDIT,Self Rebirth AUTOPOOL BONUS FIVE,SELF_REBIRTH_250,2.00,0.00,2.00,30035.90
7050,2026-10-02 12:03:32,INCOME_CREDIT_75,Self Rebirth AUTOPOOL BONUS FIVE,SELF_REBIRTH_250,6.00,6.00,0.00,30043.90
7051,2026-10-02 12:03:32,SELF_ACCOUNT_CREDIT,Self Rebirth AUTOPOOL BONUS FIVE,SELF_REBIRTH_250,2.00,0.00,2.00,30043.90
7052,2026-10-02 12:03:32,INCOME_CREDIT_75,Self Rebirth AUTOPOOL BONUS FIVE,SELF_REBIRTH_250,6.00,6.00,0.00,30043.90
7053,2026-10-02 12:03:32,SELF_ACCOUNT_CREDIT,Self Rebirth AUTOPOOL BONUS FIVE,SELF_REBIRTH_250,2.00,0.00,2.00,30043.90
7054,2026-10-02 12:03:32,INCOME_CREDIT_75,Self Rebirth AUTOPOOL BONUS THREE,SELF_REBIRTH_250,1.00,1.00,0.00,30037.23
7055,2026-10-02 12:03:32,SELF_ACCOUNT_CREDIT,Self Rebirth AUTOPOOL BONUS THREE,SELF_REBIRTH_250,0.33,0.00,0.33,30037.23
7056,2026-10-02 12:03:32,INCOME_CREDIT_75,Self Rebirth AUTOPOOL BONUS THREE,SELF_REBIRTH_250,1.00,1.00,0.00,30038.56
7057,2026-10-02 12:03:32,SELF_ACCOUNT_CREDIT,Self Rebirth AUTOPOOL BONUS THREE,SELF_REBIRTH_250,0.33,0.00,0.33,30038.56
7058,2026-10-02 12:03:32,INCOME_CREDIT_75,Self Rebirth AUTOPOOL BONUS THREE,SELF_REBIRTH_250,1.00,1.00,0.00,30038.56
7059,2026-10-02 12:03:32,SELF_ACCOUNT_CREDIT,Self Rebirth AUTOPOOL BONUS THREE,SELF_REBIRTH_250,0.33,0.00,0.33,30038.56
7060,2026-10-02 12:03:32,INCOME_CREDIT_75,Self Rebirth DIRECT REF BONUS,SELF_REBIRTH_250,30.00,30.00,0.00,30077.23
7061,2026-10-02 12:03:32,SELF_ACCOUNT_CREDIT,Self Rebirth DIRECT REF BONUS,SELF_REBIRTH_250,10.00,0.00,10.00,30077.23
7062,2026-10-02 12:03:32,TAX_POOL_CREDIT,Self Rebirth TAX POOL CREDIT,SELF_REBIRTH_250,15.00,15.00,0.00,30092.23
7063,2026-10-02 12:03:32,SELF_ACCOUNT_DEBIT,Auto Repurchase Pack (Rs.250),SELF_250_PACK,-250.00,0.00,-250.00,29842.23
7064,2026-10-02 12:03:32,INCOME_CREDIT_75,Self Rebirth AUTOPOOL BONUS FIVE,SELF_REBIRTH_250,6.00,6.00,0.00,29850.23
7065,2026-10-02 12:03:32,SELF_ACCOUNT_CREDIT,Self Rebirth AUTOPOOL BONUS FIVE,SELF_REBIRTH_250,2.00,0.00,2.00,29850.23
7066,2026-10-02 12:03:33,INCOME_CREDIT_75,Self Rebirth AUTOPOOL BONUS FIVE,SELF_REBIRTH_250,6.00,6.00,0.00,29858.23
7067,2026-10-02 12:03:33,SELF_ACCOUNT_CREDIT,Self Rebirth AUTOPOOL BONUS FIVE,SELF_REBIRTH_250,2.00,0.00,2.00,29858.23
7068,2026-10-02 12:03:33,INCOME_CREDIT_75,Self Rebirth AUTOPOOL BONUS FIVE,SELF_REBIRTH_250,6.00,6.00,0.00,29858.23
7069,2026-10-02 12:03:33,SELF_ACCOUNT_CREDIT,Self Rebirth AUTOPOOL BONUS FIVE,SELF_REBIRTH_250,2.00,0.00,2.00,29858.23
7070,2026-10-02 12:03:33,INCOME_CREDIT_75,Self Rebirth AUTOPOOL BONUS THREE,SELF_REBIRTH_250,1.00,1.00,0.00,29851.56
7071,2026-10-02 12:03:33,SELF_ACCOUNT_CREDIT,Self Rebirth AUTOPOOL BONUS THREE,SELF_REBIRTH_250,0.33,0.00,0.33,29851.56
7072,2026-10-02 12:03:33,INCOME_CREDIT_75,Self Rebirth AUTOPOOL BONUS THREE,SELF_REBIRTH_250,1.00,1.00,0.00,29852.89
7073,2026-10-02 12:03:33,SELF_ACCOUNT_CREDIT,Self Rebirth AUTOPOOL BONUS THREE,SELF_REBIRTH_250,0.33,0.00,0.33,29852.89
7074,2026-10-02 12:03:33,INCOME_CREDIT_75,Self Rebirth AUTOPOOL BONUS THREE,SELF_REBIRTH_250,1.00,1.00,0.00,29852.89
7075,2026-10-02 12:03:33,SELF_ACCOUNT_CREDIT,Self Rebirth AUTOPOOL BONUS THREE,SELF_REBIRTH_250,0.33,0.00,0.33,29852.89
7076,2026-10-02 12:03:33,INCOME_CREDIT_75,Self Rebirth DIRECT REF BONUS,SELF_REBIRTH_250,30.00,30.00,0.00,29891.56
7077,2026-10-02 12:03:33,SELF_ACCOUNT_CREDIT,Self Rebirth DIRECT REF BONUS,SELF_REBIRTH_250,10.00,0.00,10.00,29891.56
7078,2026-10-02 12:03:33,TAX_POOL_CREDIT,Self Rebirth TAX POOL CREDIT,SELF_REBIRTH_250,15.00,15.00,0.00,29906.56
7079,2026-10-02 12:03:33,SELF_ACCOUNT_DEBIT,Auto Repurchase Pack (Rs.250),SELF_250_PACK,-250.00,0.00,-250.00,29656.56
7080,2026-10-02 12:03:33,INCOME_CREDIT_75,Self Rebirth AUTOPOOL BONUS FIVE,SELF_REBIRTH_250,6.00,6.00,0.00,29664.56
7081,2026-10-02 12:03:33,SELF_ACCOUNT_CREDIT,Self Rebirth AUTOPOOL BONUS FIVE,SELF_REBIRTH_250,2.00,0.00,2.00,29664.56
7082,2026-10-02 12:03:33,INCOME_CREDIT_75,Self Rebirth AUTOPOOL BONUS FIVE,SELF_REBIRTH_250,6.00,6.00,0.00,29672.56
7083,2026-10-02 12:03:33,SELF_ACCOUNT_CREDIT,Self Rebirth AUTOPOOL BONUS FIVE,SELF_REBIRTH_250,2.00,0.00,2.00,29672.56
7084,2026-10-02 12:03:33,INCOME_CREDIT_75,Self Rebirth AUTOPOOL BONUS FIVE,SELF_REBIRTH_250,6.00,6.00,0.00,29672.56
7085,2026-10-02 12:03:33,SELF_ACCOUNT_CREDIT,Self Rebirth AUTOPOOL BONUS FIVE,SELF_REBIRTH_250,2.00,0.00,2.00,29672.56
7086,2026-10-02 12:03:33,INCOME_CREDIT_75,Self Rebirth AUTOPOOL BONUS THREE,SELF_REBIRTH_250,1.00,1.00,0.00,29665.89
7087,2026-10-02 12:03:33,SELF_ACCOUNT_CREDIT,Self Rebirth AUTOPOOL BONUS THREE,SELF_REBIRTH_250,0.33,0.00,0.33,29665.89
7088,2026-10-02 12:03:33,INCOME_CREDIT_75,Self Rebirth AUTOPOOL BONUS THREE,SELF_REBIRTH_250,1.00,1.00,0.00,29667.22
7089,2026-10-02 12:03:33,SELF_ACCOUNT_CREDIT,Self Rebirth AUTOPOOL BONUS THREE,SELF_REBIRTH_250,0.33,0.00,0.33,29667.22
7090,2026-10-02 12:03:33,INCOME_CREDIT_75,Self Rebirth AUTOPOOL BONUS THREE,SELF_REBIRTH_250,1.00,1.00,0.00,29667.22
7091,2026-10-02 12:03:33,SELF_ACCOUNT_CREDIT,Self Rebirth AUTOPOOL BONUS THREE,SELF_REBIRTH_250,0.33,0.00,0.33,29667.22
7092,2026-10-02 12:03:33,INCOME_CREDIT_75,Self Rebirth DIRECT REF BONUS,SELF_REBIRTH_250,30.00,30.00,0.00,29705.89
7093,2026-10-02 12:03:33,SELF_ACCOUNT_CREDIT,Self Rebirth DIRECT REF BONUS,SELF_REBIRTH_250,10.00,0.00,10.00,29705.89
7094,2026-10-02 12:03:33,TAX_POOL_CREDIT,Self Rebirth TAX POOL CREDIT,SELF_REBIRTH_250,15.00,15.00,0.00,29720.89
7095,2026-10-02 12:03:33,SELF_ACCOUNT_DEBIT,Auto Repurchase Pack (Rs.250),SELF_250_PACK,-250.00,0.00,-250.00,29470.89
7096,2026-10-02 12:03:34,INCOME_CREDIT_75,Self Rebirth AUTOPOOL BONUS FIVE,SELF_REBIRTH_250,6.00,6.00,0.00,29478.89
7097,2026-10-02 12:03:34,SELF_ACCOUNT_CREDIT,Self Rebirth AUTOPOOL BONUS FIVE,SELF_REBIRTH_250,2.00,0.00,2.00,29478.89
7098,2026-10-02 12:03:34,INCOME_CREDIT_75,Self Rebirth AUTOPOOL BONUS FIVE,SELF_REBIRTH_250,6.00,6.00,0.00,29486.89
7099,2026-10-02 12:03:34,SELF_ACCOUNT_CREDIT,Self Rebirth AUTOPOOL BONUS FIVE,SELF_REBIRTH_250,2.00,0.00,2.00,29486.89
7100,2026-10-02 12:03:34,INCOME_CREDIT_75,Self Rebirth AUTOPOOL BONUS FIVE,SELF_REBIRTH_250,6.00,6.00,0.00,29486.89
7101,2026-10-02 12:03:34,SELF_ACCOUNT_CREDIT,Self Rebirth AUTOPOOL BONUS FIVE,SELF_REBIRTH_250,2.00,0.00,2.00,29486.89
7102,2026-10-02 12:03:34,INCOME_CREDIT_75,Self Rebirth AUTOPOOL BONUS THREE,SELF_REBIRTH_250,1.00,1.00,0.00,29480.22
7103,2026-10-02 12:03:34,SELF_ACCOUNT_CREDIT,Self Rebirth AUTOPOOL BONUS THREE,SELF_REBIRTH_250,0.33,0.00,0.33,29480.22
7104,2026-10-02 12:03:34,INCOME_CREDIT_75,Self Rebirth AUTOPOOL BONUS THREE,SELF_REBIRTH_250,1.00,1.00,0.00,29481.55
7105,2026-10-02 12:03:34,SELF_ACCOUNT_CREDIT,Self Rebirth AUTOPOOL BONUS THREE,SELF_REBIRTH_250,0.33,0.00,0.33,29481.55
7106,2026-10-02 12:03:34,INCOME_CREDIT_75,Self Rebirth AUTOPOOL BONUS THREE,SELF_REBIRTH_250,1.00,1.00,0.00,29481.55
7107,2026-10-02 12:03:34,SELF_ACCOUNT_CREDIT,Self Rebirth AUTOPOOL BONUS THREE,SELF_REBIRTH_250,0.33,0.00,0.33,29481.55
7108,2026-10-02 12:03:34,INCOME_CREDIT_75,Self Rebirth DIRECT REF BONUS,SELF_REBIRTH_250,30.00,30.00,0.00,29520.22
7109,2026-10-02 12:03:34,SELF_ACCOUNT_CREDIT,Self Rebirth DIRECT REF BONUS,SELF_REBIRTH_250,10.00,0.00,10.00,29520.22
7110,2026-10-02 12:03:34,TAX_POOL_CREDIT,Self Rebirth TAX POOL CREDIT,SELF_REBIRTH_250,15.00,15.00,0.00,29535.22
7111,2026-10-02 12:03:34,SELF_ACCOUNT_DEBIT,Auto Repurchase Pack (Rs.250),SELF_250_PACK,-250.00,0.00,-250.00,29285.22
7112,2026-10-02 12:03:34,INCOME_CREDIT_75,Self Rebirth AUTOPOOL BONUS FIVE,SELF_REBIRTH_250,6.00,6.00,0.00,29293.22
7113,2026-10-02 12:03:34,SELF_ACCOUNT_CREDIT,Self Rebirth AUTOPOOL BONUS FIVE,SELF_REBIRTH_250,2.00,0.00,2.00,29293.22
7114,2026-10-02 12:03:34,INCOME_CREDIT_75,Self Rebirth AUTOPOOL BONUS FIVE,SELF_REBIRTH_250,6.00,6.00,0.00,29301.22
7115,2026-10-02 12:03:34,SELF_ACCOUNT_CREDIT,Self Rebirth AUTOPOOL BONUS FIVE,SELF_REBIRTH_250,2.00,0.00,2.00,29301.22
7116,2026-10-02 12:03:34,INCOME_CREDIT_75,Self Rebirth AUTOPOOL BONUS FIVE,SELF_REBIRTH_250,6.00,6.00,0.00,29301.22
7117,2026-10-02 12:03:34,SELF_ACCOUNT_CREDIT,Self Rebirth AUTOPOOL BONUS FIVE,SELF_REBIRTH_250,2.00,0.00,2.00,29301.22
7118,2026-10-02 12:03:34,INCOME_CREDIT_75,Self Rebirth AUTOPOOL BONUS THREE,SELF_REBIRTH_250,1.00,1.00,0.00,29294.55
7119,2026-10-02 12:03:34,SELF_ACCOUNT_CREDIT,Self Rebirth AUTOPOOL BONUS THREE,SELF_REBIRTH_250,0.33,0.00,0.33,29294.55
7120,2026-10-02 12:03:34,INCOME_CREDIT_75,Self Rebirth AUTOPOOL BONUS THREE,SELF_REBIRTH_250,1.00,1.00,0.00,29295.88
7121,2026-10-02 12:03:34,SELF_ACCOUNT_CREDIT,Self Rebirth AUTOPOOL BONUS THREE,SELF_REBIRTH_250,0.33,0.00,0.33,29295.88
7122,2026-10-02 12:03:34,INCOME_CREDIT_75,Self Rebirth AUTOPOOL BONUS THREE,SELF_REBIRTH_250,1.00,1.00,0.00,29295.88
7123,2026-10-02 12:03:34,SELF_ACCOUNT_CREDIT,Self Rebirth AUTOPOOL BONUS THREE,SELF_REBIRTH_250,0.33,0.00,0.33,29295.88
7124,2026-10-02 12:03:35,INCOME_CREDIT_75,Self Rebirth DIRECT REF BONUS,SELF_REBIRTH_250,30.00,30.00,0.00,29334.55
7125,2026-10-02 12:03:35,SELF_ACCOUNT_CREDIT,Self Rebirth DIRECT REF BONUS,SELF_REBIRTH_250,10.00,0.00,10.00,29334.55
7126,2026-10-02 12:03:35,TAX_POOL_CREDIT,Self Rebirth TAX POOL CREDIT,SELF_REBIRTH_250,15.00,15.00,0.00,29349.55
7127,2026-10-02 12:03:35,SELF_ACCOUNT_DEBIT,Auto Repurchase Pack (Rs.250),SELF_250_PACK,-250.00,0.00,-250.00,29099.55
7128,2026-10-02 12:03:35,INCOME_CREDIT_75,Self Rebirth AUTOPOOL BONUS FIVE,SELF_REBIRTH_250,6.00,6.00,0.00,29107.55
7129,2026-10-02 12:03:35,SELF_ACCOUNT_CREDIT,Self Rebirth AUTOPOOL BONUS FIVE,SELF_REBIRTH_250,2.00,0.00,2.00,29107.55
7130,2026-10-02 12:03:35,INCOME_CREDIT_75,Self Rebirth AUTOPOOL BONUS FIVE,SELF_REBIRTH_250,6.00,6.00,0.00,29115.55
7131,2026-10-02 12:03:35,SELF_ACCOUNT_CREDIT,Self Rebirth AUTOPOOL BONUS FIVE,SELF_REBIRTH_250,2.00,0.00,2.00,29115.55
7132,2026-10-02 12:03:35,INCOME_CREDIT_75,Self Rebirth AUTOPOOL BONUS FIVE,SELF_REBIRTH_250,6.00,6.00,0.00,29115.55
7133,2026-10-02 12:03:35,SELF_ACCOUNT_CREDIT,Self Rebirth AUTOPOOL BONUS FIVE,SELF_REBIRTH_250,2.00,0.00,2.00,29115.55
7134,2026-10-02 12:03:35,INCOME_CREDIT_75,Self Rebirth AUTOPOOL BONUS THREE,SELF_REBIRTH_250,1.00,1.00,0.00,29108.88
7135,2026-10-02 12:03:35,SELF_ACCOUNT_CREDIT,Self Rebirth AUTOPOOL BONUS THREE,SELF_REBIRTH_250,0.33,0.00,0.33,29108.88
7136,2026-10-02 12:03:35,INCOME_CREDIT_75,Self Rebirth AUTOPOOL BONUS THREE,SELF_REBIRTH_250,1.00,1.00,0.00,29110.21
7137,2026-10-02 12:03:35,SELF_ACCOUNT_CREDIT,Self Rebirth AUTOPOOL BONUS THREE,SELF_REBIRTH_250,0.33,0.00,0.33,29110.21
7138,2026-10-02 12:03:35,INCOME_CREDIT_75,Self Rebirth AUTOPOOL BONUS THREE,SELF_REBIRTH_250,1.00,1.00,0.00,29110.21
7139,2026-10-02 12:03:35,SELF_ACCOUNT_CREDIT,Self Rebirth AUTOPOOL BONUS THREE,SELF_REBIRTH_250,0.33,0.00,0.33,29110.21
7140,2026-10-02 12:03:35,INCOME_CREDIT_75,Self Rebirth DIRECT REF BONUS,SELF_REBIRTH_250,30.00,30.00,0.00,29148.88
7141,2026-10-02 12:03:35,SELF_ACCOUNT_CREDIT,Self Rebirth DIRECT REF BONUS,SELF_REBIRTH_250,10.00,0.00,10.00,29148.88
7142,2026-10-02 12:03:35,TAX_POOL_CREDIT,Self Rebirth TAX POOL CREDIT,SELF_REBIRTH_250,15.00,15.00,0.00,29163.88
7143,2026-10-02 12:03:35,SELF_ACCOUNT_DEBIT,Auto Repurchase Pack (Rs.250),SELF_250_PACK,-250.00,0.00,-250.00,28913.88
7144,2026-10-02 12:03:35,INCOME_CREDIT_75,Self Rebirth AUTOPOOL BONUS FIVE,SELF_REBIRTH_250,6.00,6.00,0.00,28921.88
7145,2026-10-02 12:03:35,SELF_ACCOUNT_CREDIT,Self Rebirth AUTOPOOL BONUS FIVE,SELF_REBIRTH_250,2.00,0.00,2.00,28921.88
7146,2026-10-02 12:03:35,INCOME_CREDIT_75,Self Rebirth AUTOPOOL BONUS FIVE,SELF_REBIRTH_250,6.00,6.00,0.00,28929.88
7147,2026-10-02 12:03:35,SELF_ACCOUNT_CREDIT,Self Rebirth AUTOPOOL BONUS FIVE,SELF_REBIRTH_250,2.00,0.00,2.00,28929.88
7148,2026-10-02 12:03:35,INCOME_CREDIT_75,Self Rebirth AUTOPOOL BONUS FIVE,SELF_REBIRTH_250,6.00,6.00,0.00,28929.88
7149,2026-10-02 12:03:35,SELF_ACCOUNT_CREDIT,Self Rebirth AUTOPOOL BONUS FIVE,SELF_REBIRTH_250,2.00,0.00,2.00,28929.88
7150,2026-10-02 12:03:36,INCOME_CREDIT_75,Self Rebirth AUTOPOOL BONUS THREE,SELF_REBIRTH_250,1.00,1.00,0.00,28923.21
7151,2026-10-02 12:03:36,SELF_ACCOUNT_CREDIT,Self Rebirth AUTOPOOL BONUS THREE,SELF_REBIRTH_250,0.33,0.00,0.33,28923.21
7152,2026-10-02 12:03:36,INCOME_CREDIT_75,Self Rebirth AUTOPOOL BONUS THREE,SELF_REBIRTH_250,1.00,1.00,0.00,28924.54
7153,2026-10-02 12:03:36,SELF_ACCOUNT_CREDIT,Self Rebirth AUTOPOOL BONUS THREE,SELF_REBIRTH_250,0.33,0.00,0.33,28924.54
7154,2026-10-02 12:03:36,INCOME_CREDIT_75,Self Rebirth AUTOPOOL BONUS THREE,SELF_REBIRTH_250,1.00,1.00,0.00,28924.54
7155,2026-10-02 12:03:36,SELF_ACCOUNT_CREDIT,Self Rebirth AUTOPOOL BONUS THREE,SELF_REBIRTH_250,0.33,0.00,0.33,28924.54
7156,2026-10-02 12:03:36,INCOME_CREDIT_75,Self Rebirth DIRECT REF BONUS,SELF_REBIRTH_250,30.00,30.00,0.00,28963.21
7157,2026-10-02 12:03:36,SELF_ACCOUNT_CREDIT,Self Rebirth DIRECT REF BONUS,SELF_REBIRTH_250,10.00,0.00,10.00,28963.21
7158,2026-10-02 12:03:36,TAX_POOL_CREDIT,Self Rebirth TAX POOL CREDIT,SELF_REBIRTH_250,15.00,15.00,0.00,28978.21
7159,2026-10-02 12:03:36,INCOME_CREDIT_75,e-Edu LEVEL BONUS,RANK_UPGRADE,9375.00,9375.00,0.00,41478.21
7160,2026-10-02 12:03:36,SELF_ACCOUNT_CREDIT,e-Edu LEVEL BONUS,RANK_UPGRADE,3125.00,0.00,3125.00,41478.21
7161,2026-10-02 12:03:36,SELF_ACCOUNT_DEBIT,Auto Repurchase Pack (Rs.250),SELF_250_PACK,-250.00,0.00,-250.00,41228.21
7162,2026-10-02 12:03:36,INCOME_CREDIT_75,Self Rebirth AUTOPOOL BONUS FIVE,SELF_REBIRTH_250,6.00,6.00,0.00,41236.21
7163,2026-10-02 12:03:36,SELF_ACCOUNT_CREDIT,Self Rebirth AUTOPOOL BONUS FIVE,SELF_REBIRTH_250,2.00,0.00,2.00,41236.21
7164,2026-10-02 12:03:36,INCOME_CREDIT_75,Self Rebirth AUTOPOOL BONUS FIVE,SELF_REBIRTH_250,6.00,6.00,0.00,41244.21
7165,2026-10-02 12:03:36,SELF_ACCOUNT_CREDIT,Self Rebirth AUTOPOOL BONUS FIVE,SELF_REBIRTH_250,2.00,0.00,2.00,41244.21
7166,2026-10-02 12:03:36,INCOME_CREDIT_75,Self Rebirth AUTOPOOL BONUS FIVE,SELF_REBIRTH_250,6.00,6.00,0.00,41244.21
7167,2026-10-02 12:03:36,SELF_ACCOUNT_CREDIT,Self Rebirth AUTOPOOL BONUS FIVE,SELF_REBIRTH_250,2.00,0.00,2.00,41244.21
7168,2026-10-02 12:03:36,INCOME_CREDIT_75,Self Rebirth AUTOPOOL BONUS THREE,SELF_REBIRTH_250,1.00,1.00,0.00,41237.54
7169,2026-10-02 12:03:36,SELF_ACCOUNT_CREDIT,Self Rebirth AUTOPOOL BONUS THREE,SELF_REBIRTH_250,0.33,0.00,0.33,41237.54
7170,2026-10-02 12:03:36,INCOME_CREDIT_75,Self Rebirth AUTOPOOL BONUS THREE,SELF_REBIRTH_250,1.00,1.00,0.00,41238.87
7171,2026-10-02 12:03:36,SELF_ACCOUNT_CREDIT,Self Rebirth AUTOPOOL BONUS THREE,SELF_REBIRTH_250,0.33,0.00,0.33,41238.87
7172,2026-10-02 12:03:36,INCOME_CREDIT_75,Self Rebirth AUTOPOOL BONUS THREE,SELF_REBIRTH_250,1.00,1.00,0.00,41238.87
7173,2026-10-02 12:03:36,SELF_ACCOUNT_CREDIT,Self Rebirth AUTOPOOL BONUS THREE,SELF_REBIRTH_250,0.33,0.00,0.33,41238.87
7174,2026-10-02 12:03:36,INCOME_CREDIT_75,Self Rebirth AUTOPOOL BONUS THREE,SELF_REBIRTH_250,1.00,1.00,0.00,41238.87
7175,2026-10-02 12:03:36,SELF_ACCOUNT_CREDIT,Self Rebirth AUTOPOOL BONUS THREE,SELF_REBIRTH_250,0.33,0.00,0.33,41238.87
7176,2026-10-02 12:03:36,INCOME_CREDIT_75,Self Rebirth DIRECT REF BONUS,SELF_REBIRTH_250,30.00,30.00,0.00,41277.54
7177,2026-10-02 12:03:36,SELF_ACCOUNT_CREDIT,Self Rebirth DIRECT REF BONUS,SELF_REBIRTH_250,10.00,0.00,10.00,41277.54
7178,2026-10-02 12:03:36,TAX_POOL_CREDIT,Self Rebirth TAX POOL CREDIT,SELF_REBIRTH_250,15.00,15.00,0.00,41292.54
7179,2026-10-02 12:03:36,SELF_ACCOUNT_DEBIT,Auto Repurchase Pack (Rs.250),SELF_250_PACK,-250.00,0.00,-250.00,41042.54
7180,2026-10-02 12:03:37,INCOME_CREDIT_75,Self Rebirth AUTOPOOL BONUS FIVE,SELF_REBIRTH_250,6.00,6.00,0.00,41050.54
7181,2026-10-02 12:03:37,SELF_ACCOUNT_CREDIT,Self Rebirth AUTOPOOL BONUS FIVE,SELF_REBIRTH_250,2.00,0.00,2.00,41050.54
7182,2026-10-02 12:03:37,INCOME_CREDIT_75,Self Rebirth AUTOPOOL BONUS FIVE,SELF_REBIRTH_250,6.00,6.00,0.00,41058.54
7183,2026-10-02 12:03:37,SELF_ACCOUNT_CREDIT,Self Rebirth AUTOPOOL BONUS FIVE,SELF_REBIRTH_250,2.00,0.00,2.00,41058.54
7184,2026-10-02 12:03:37,INCOME_CREDIT_75,Self Rebirth AUTOPOOL BONUS FIVE,SELF_REBIRTH_250,6.00,6.00,0.00,41058.54
7185,2026-10-02 12:03:37,SELF_ACCOUNT_CREDIT,Self Rebirth AUTOPOOL BONUS FIVE,SELF_REBIRTH_250,2.00,0.00,2.00,41058.54
7186,2026-10-02 12:03:37,INCOME_CREDIT_75,Self Rebirth AUTOPOOL BONUS THREE,SELF_REBIRTH_250,1.00,1.00,0.00,41051.87
7187,2026-10-02 12:03:37,SELF_ACCOUNT_CREDIT,Self Rebirth AUTOPOOL BONUS THREE,SELF_REBIRTH_250,0.33,0.00,0.33,41051.87
7188,2026-10-02 12:03:37,INCOME_CREDIT_75,Self Rebirth AUTOPOOL BONUS THREE,SELF_REBIRTH_250,1.00,1.00,0.00,41053.20
7189,2026-10-02 12:03:37,SELF_ACCOUNT_CREDIT,Self Rebirth AUTOPOOL BONUS THREE,SELF_REBIRTH_250,0.33,0.00,0.33,41053.20
7190,2026-10-02 12:03:37,INCOME_CREDIT_75,Self Rebirth AUTOPOOL BONUS THREE,SELF_REBIRTH_250,1.00,1.00,0.00,41053.20
7191,2026-10-02 12:03:37,SELF_ACCOUNT_CREDIT,Self Rebirth AUTOPOOL BONUS THREE,SELF_REBIRTH_250,0.33,0.00,0.33,41053.20
7192,2026-10-02 12:03:37,INCOME_CREDIT_75,Self Rebirth AUTOPOOL BONUS THREE,SELF_REBIRTH_250,1.00,1.00,0.00,41053.20
7193,2026-10-02 12:03:37,SELF_ACCOUNT_CREDIT,Self Rebirth AUTOPOOL BONUS THREE,SELF_REBIRTH_250,0.33,0.00,0.33,41053.20
7194,2026-10-02 12:03:37,INCOME_CREDIT_75,Self Rebirth DIRECT REF BONUS,SELF_REBIRTH_250,30.00,30.00,0.00,41091.87
7195,2026-10-02 12:03:37,SELF_ACCOUNT_CREDIT,Self Rebirth DIRECT REF BONUS,SELF_REBIRTH_250,10.00,0.00,10.00,41091.87
7196,2026-10-02 12:03:37,TAX_POOL_CREDIT,Self Rebirth TAX POOL CREDIT,SELF_REBIRTH_250,15.00,15.00,0.00,41106.87
7197,2026-10-02 12:03:37,SELF_ACCOUNT_DEBIT,Auto Repurchase Pack (Rs.250),SELF_250_PACK,-250.00,0.00,-250.00,40856.87
7198,2026-10-02 12:03:37,INCOME_CREDIT_75,Self Rebirth AUTOPOOL BONUS FIVE,SELF_REBIRTH_250,6.00,6.00,0.00,40864.87
7199,2026-10-02 12:03:37,SELF_ACCOUNT_CREDIT,Self Rebirth AUTOPOOL BONUS FIVE,SELF_REBIRTH_250,2.00,0.00,2.00,40864.87
7200,2026-10-02 12:03:37,INCOME_CREDIT_75,Self Rebirth AUTOPOOL BONUS FIVE,SELF_REBIRTH_250,6.00,6.00,0.00,40872.87
7201,2026-10-02 12:03:37,SELF_ACCOUNT_CREDIT,Self Rebirth AUTOPOOL BONUS FIVE,SELF_REBIRTH_250,2.00,0.00,2.00,40872.87
7202,2026-10-02 12:03:37,INCOME_CREDIT_75,Self Rebirth AUTOPOOL BONUS FIVE,SELF_REBIRTH_250,6.00,6.00,0.00,40872.87
7203,2026-10-02 12:03:37,SELF_ACCOUNT_CREDIT,Self Rebirth AUTOPOOL BONUS FIVE,SELF_REBIRTH_250,2.00,0.00,2.00,40872.87
7204,2026-10-02 12:03:37,INCOME_CREDIT_75,Self Rebirth AUTOPOOL BONUS THREE,SELF_REBIRTH_250,1.00,1.00,0.00,40866.20
7205,2026-10-02 12:03:37,SELF_ACCOUNT_CREDIT,Self Rebirth AUTOPOOL BONUS THREE,SELF_REBIRTH_250,0.33,0.00,0.33,40866.20
7206,2026-10-02 12:03:37,INCOME_CREDIT_75,Self Rebirth AUTOPOOL BONUS THREE,SELF_REBIRTH_250,1.00,1.00,0.00,40867.53
7207,2026-10-02 12:03:37,SELF_ACCOUNT_CREDIT,Self Rebirth AUTOPOOL BONUS THREE,SELF_REBIRTH_250,0.33,0.00,0.33,40867.53
7208,2026-10-02 12:03:37,INCOME_CREDIT_75,Self Rebirth AUTOPOOL BONUS THREE,SELF_REBIRTH_250,1.00,1.00,0.00,40867.53
7209,2026-10-02 12:03:37,SELF_ACCOUNT_CREDIT,Self Rebirth AUTOPOOL BONUS THREE,SELF_REBIRTH_250,0.33,0.00,0.33,40867.53
7210,2026-10-02 12:03:37,INCOME_CREDIT_75,Self Rebirth AUTOPOOL BONUS THREE,SELF_REBIRTH_250,1.00,1.00,0.00,40867.53
7211,2026-10-02 12:03:37,SELF_ACCOUNT_CREDIT,Self Rebirth AUTOPOOL BONUS THREE,SELF_REBIRTH_250,0.33,0.00,0.33,40867.53
7212,2026-10-02 12:03:38,INCOME_CREDIT_75,Self Rebirth DIRECT REF BONUS,SELF_REBIRTH_250,30.00,30.00,0.00,40906.20
7213,2026-10-02 12:03:38,SELF_ACCOUNT_CREDIT,Self Rebirth DIRECT REF BONUS,SELF_REBIRTH_250,10.00,0.00,10.00,40906.20
7214,2026-10-02 12:03:38,TAX_POOL_CREDIT,Self Rebirth TAX POOL CREDIT,SELF_REBIRTH_250,15.00,15.00,0.00,40921.20
7215,2026-10-02 12:03:38,SELF_ACCOUNT_DEBIT,Auto Repurchase Pack (Rs.250),SELF_250_PACK,-250.00,0.00,-250.00,40671.20
7216,2026-10-02 12:03:38,INCOME_CREDIT_75,Self Rebirth AUTOPOOL BONUS FIVE,SELF_REBIRTH_250,6.00,6.00,0.00,40679.20
7217,2026-10-02 12:03:38,SELF_ACCOUNT_CREDIT,Self Rebirth AUTOPOOL BONUS FIVE,SELF_REBIRTH_250,2.00,0.00,2.00,40679.20
7218,2026-10-02 12:03:38,INCOME_CREDIT_75,Self Rebirth AUTOPOOL BONUS FIVE,SELF_REBIRTH_250,6.00,6.00,0.00,40687.20
7219,2026-10-02 12:03:38,SELF_ACCOUNT_CREDIT,Self Rebirth AUTOPOOL BONUS FIVE,SELF_REBIRTH_250,2.00,0.00,2.00,40687.20
7220,2026-10-02 12:03:38,INCOME_CREDIT_75,Self Rebirth AUTOPOOL BONUS FIVE,SELF_REBIRTH_250,6.00,6.00,0.00,40687.20
7221,2026-10-02 12:03:38,SELF_ACCOUNT_CREDIT,Self Rebirth AUTOPOOL BONUS FIVE,SELF_REBIRTH_250,2.00,0.00,2.00,40687.20
7222,2026-10-02 12:03:38,INCOME_CREDIT_75,Self Rebirth AUTOPOOL BONUS THREE,SELF_REBIRTH_250,1.00,1.00,0.00,40680.53
7223,2026-10-02 12:03:38,SELF_ACCOUNT_CREDIT,Self Rebirth AUTOPOOL BONUS THREE,SELF_REBIRTH_250,0.33,0.00,0.33,40680.53
7224,2026-10-02 12:03:38,INCOME_CREDIT_75,Self Rebirth AUTOPOOL BONUS THREE,SELF_REBIRTH_250,1.00,1.00,0.00,40681.86
7225,2026-10-02 12:03:38,SELF_ACCOUNT_CREDIT,Self Rebirth AUTOPOOL BONUS THREE,SELF_REBIRTH_250,0.33,0.00,0.33,40681.86
7226,2026-10-02 12:03:38,INCOME_CREDIT_75,Self Rebirth AUTOPOOL BONUS THREE,SELF_REBIRTH_250,1.00,1.00,0.00,40681.86
7227,2026-10-02 12:03:38,SELF_ACCOUNT_CREDIT,Self Rebirth AUTOPOOL BONUS THREE,SELF_REBIRTH_250,0.33,0.00,0.33,40681.86
7228,2026-10-02 12:03:38,INCOME_CREDIT_75,Self Rebirth AUTOPOOL BONUS THREE,SELF_REBIRTH_250,1.00,1.00,0.00,40681.86
7229,2026-10-02 12:03:38,SELF_ACCOUNT_CREDIT,Self Rebirth AUTOPOOL BONUS THREE,SELF_REBIRTH_250,0.33,0.00,0.33,40681.86
7230,2026-10-02 12:03:38,INCOME_CREDIT_75,Self Rebirth DIRECT REF BONUS,SELF_REBIRTH_250,30.00,30.00,0.00,40720.53
7231,2026-10-02 12:03:38,SELF_ACCOUNT_CREDIT,Self Rebirth DIRECT REF BONUS,SELF_REBIRTH_250,10.00,0.00,10.00,40720.53
7232,2026-10-02 12:03:38,TAX_POOL_CREDIT,Self Rebirth TAX POOL CREDIT,SELF_REBIRTH_250,15.00,15.00,0.00,40735.53
7233,2026-10-02 12:03:38,SELF_ACCOUNT_DEBIT,Auto Repurchase Pack (Rs.250),SELF_250_PACK,-250.00,0.00,-250.00,40485.53
7234,2026-10-02 12:03:38,INCOME_CREDIT_75,Self Rebirth AUTOPOOL BONUS FIVE,SELF_REBIRTH_250,6.00,6.00,0.00,40493.53
7235,2026-10-02 12:03:38,SELF_ACCOUNT_CREDIT,Self Rebirth AUTOPOOL BONUS FIVE,SELF_REBIRTH_250,2.00,0.00,2.00,40493.53
7236,2026-10-02 12:03:38,INCOME_CREDIT_75,Self Rebirth AUTOPOOL BONUS FIVE,SELF_REBIRTH_250,6.00,6.00,0.00,40501.53
7237,2026-10-02 12:03:38,SELF_ACCOUNT_CREDIT,Self Rebirth AUTOPOOL BONUS FIVE,SELF_REBIRTH_250,2.00,0.00,2.00,40501.53
7238,2026-10-02 12:03:38,INCOME_CREDIT_75,Self Rebirth AUTOPOOL BONUS FIVE,SELF_REBIRTH_250,6.00,6.00,0.00,40501.53
7239,2026-10-02 12:03:38,SELF_ACCOUNT_CREDIT,Self Rebirth AUTOPOOL BONUS FIVE,SELF_REBIRTH_250,2.00,0.00,2.00,40501.53
7240,2026-10-02 12:03:39,INCOME_CREDIT_75,Self Rebirth AUTOPOOL BONUS THREE,SELF_REBIRTH_250,1.00,1.00,0.00,40494.86
7241,2026-10-02 12:03:39,SELF_ACCOUNT_CREDIT,Self Rebirth AUTOPOOL BONUS THREE,SELF_REBIRTH_250,0.33,0.00,0.33,40494.86
7242,2026-10-02 12:03:39,INCOME_CREDIT_75,Self Rebirth AUTOPOOL BONUS THREE,SELF_REBIRTH_250,1.00,1.00,0.00,40496.19
7243,2026-10-02 12:03:39,SELF_ACCOUNT_CREDIT,Self Rebirth AUTOPOOL BONUS THREE,SELF_REBIRTH_250,0.33,0.00,0.33,40496.19
7244,2026-10-02 12:03:39,INCOME_CREDIT_75,Self Rebirth AUTOPOOL BONUS THREE,SELF_REBIRTH_250,1.00,1.00,0.00,40496.19
7245,2026-10-02 12:03:39,SELF_ACCOUNT_CREDIT,Self Rebirth AUTOPOOL BONUS THREE,SELF_REBIRTH_250,0.33,0.00,0.33,40496.19
7246,2026-10-02 12:03:39,INCOME_CREDIT_75,Self Rebirth AUTOPOOL BONUS THREE,SELF_REBIRTH_250,1.00,1.00,0.00,40496.19
7247,2026-10-02 12:03:39,SELF_ACCOUNT_CREDIT,Self Rebirth AUTOPOOL BONUS THREE,SELF_REBIRTH_250,0.33,0.00,0.33,40496.19
7248,2026-10-02 12:03:39,INCOME_CREDIT_75,Self Rebirth DIRECT REF BONUS,SELF_REBIRTH_250,30.00,30.00,0.00,40534.86
7249,2026-10-02 12:03:39,SELF_ACCOUNT_CREDIT,Self Rebirth DIRECT REF BONUS,SELF_REBIRTH_250,10.00,0.00,10.00,40534.86
7250,2026-10-02 12:03:39,TAX_POOL_CREDIT,Self Rebirth TAX POOL CREDIT,SELF_REBIRTH_250,15.00,15.00,0.00,40549.86
7251,2026-10-02 12:03:39,SELF_ACCOUNT_DEBIT,Auto Repurchase Pack (Rs.250),SELF_250_PACK,-250.00,0.00,-250.00,40299.86
7252,2026-10-02 12:03:39,INCOME_CREDIT_75,Self Rebirth AUTOPOOL BONUS FIVE,SELF_REBIRTH_250,6.00,6.00,0.00,40307.86
7253,2026-10-02 12:03:39,SELF_ACCOUNT_CREDIT,Self Rebirth AUTOPOOL BONUS FIVE,SELF_REBIRTH_250,2.00,0.00,2.00,40307.86
7254,2026-10-02 12:03:39,INCOME_CREDIT_75,Self Rebirth AUTOPOOL BONUS FIVE,SELF_REBIRTH_250,6.00,6.00,0.00,40315.86
7255,2026-10-02 12:03:39,SELF_ACCOUNT_CREDIT,Self Rebirth AUTOPOOL BONUS FIVE,SELF_REBIRTH_250,2.00,0.00,2.00,40315.86
7256,2026-10-02 12:03:39,INCOME_CREDIT_75,Self Rebirth AUTOPOOL BONUS FIVE,SELF_REBIRTH_250,6.00,6.00,0.00,40315.86
7257,2026-10-02 12:03:39,SELF_ACCOUNT_CREDIT,Self Rebirth AUTOPOOL BONUS FIVE,SELF_REBIRTH_250,2.00,0.00,2.00,40315.86
7258,2026-10-02 12:03:39,INCOME_CREDIT_75,Self Rebirth AUTOPOOL BONUS THREE,SELF_REBIRTH_250,1.00,1.00,0.00,40309.19
7259,2026-10-02 12:03:39,SELF_ACCOUNT_CREDIT,Self Rebirth AUTOPOOL BONUS THREE,SELF_REBIRTH_250,0.33,0.00,0.33,40309.19
7260,2026-10-02 12:03:39,INCOME_CREDIT_75,Self Rebirth AUTOPOOL BONUS THREE,SELF_REBIRTH_250,1.00,1.00,0.00,40310.52
7261,2026-10-02 12:03:39,SELF_ACCOUNT_CREDIT,Self Rebirth AUTOPOOL BONUS THREE,SELF_REBIRTH_250,0.33,0.00,0.33,40310.52
7262,2026-10-02 12:03:39,INCOME_CREDIT_75,Self Rebirth AUTOPOOL BONUS THREE,SELF_REBIRTH_250,1.00,1.00,0.00,40310.52
7263,2026-10-02 12:03:39,SELF_ACCOUNT_CREDIT,Self Rebirth AUTOPOOL BONUS THREE,SELF_REBIRTH_250,0.33,0.00,0.33,40310.52
7264,2026-10-02 12:03:39,INCOME_CREDIT_75,Self Rebirth AUTOPOOL BONUS THREE,SELF_REBIRTH_250,1.00,1.00,0.00,40310.52
7265,2026-10-02 12:03:39,SELF_ACCOUNT_CREDIT,Self Rebirth AUTOPOOL BONUS THREE,SELF_REBIRTH_250,0.33,0.00,0.33,40310.52
7266,2026-10-02 12:03:39,INCOME_CREDIT_75,Self Rebirth DIRECT REF BONUS,SELF_REBIRTH_250,30.00,30.00,0.00,40349.19
7267,2026-10-02 12:03:39,SELF_ACCOUNT_CREDIT,Self Rebirth DIRECT REF BONUS,SELF_REBIRTH_250,10.00,0.00,10.00,40349.19
7268,2026-10-02 12:03:39,TAX_POOL_CREDIT,Self Rebirth TAX POOL CREDIT,SELF_REBIRTH_250,15.00,15.00,0.00,40364.19
7269,2026-10-02 12:03:39,SELF_ACCOUNT_DEBIT,Auto Repurchase Pack (Rs.250),SELF_250_PACK,-250.00,0.00,-250.00,40114.19
7270,2026-10-02 12:03:39,INCOME_CREDIT_75,Self Rebirth AUTOPOOL BONUS FIVE,SELF_REBIRTH_250,6.00,6.00,0.00,40122.19
7271,2026-10-02 12:03:39,SELF_ACCOUNT_CREDIT,Self Rebirth AUTOPOOL BONUS FIVE,SELF_REBIRTH_250,2.00,0.00,2.00,40122.19
7272,2026-10-02 12:03:40,INCOME_CREDIT_75,Self Rebirth AUTOPOOL BONUS FIVE,SELF_REBIRTH_250,6.00,6.00,0.00,40130.19
7273,2026-10-02 12:03:40,SELF_ACCOUNT_CREDIT,Self Rebirth AUTOPOOL BONUS FIVE,SELF_REBIRTH_250,2.00,0.00,2.00,40130.19
7274,2026-10-02 12:03:40,INCOME_CREDIT_75,Self Rebirth AUTOPOOL BONUS FIVE,SELF_REBIRTH_250,6.00,6.00,0.00,40130.19
7275,2026-10-02 12:03:40,SELF_ACCOUNT_CREDIT,Self Rebirth AUTOPOOL BONUS FIVE,SELF_REBIRTH_250,2.00,0.00,2.00,40130.19
7276,2026-10-02 12:03:40,INCOME_CREDIT_75,Self Rebirth AUTOPOOL BONUS THREE,SELF_REBIRTH_250,1.00,1.00,0.00,40123.52
7277,2026-10-02 12:03:40,SELF_ACCOUNT_CREDIT,Self Rebirth AUTOPOOL BONUS THREE,SELF_REBIRTH_250,0.33,0.00,0.33,40123.52
7278,2026-10-02 12:03:40,INCOME_CREDIT_75,Self Rebirth AUTOPOOL BONUS THREE,SELF_REBIRTH_250,1.00,1.00,0.00,40124.85
7279,2026-10-02 12:03:40,SELF_ACCOUNT_CREDIT,Self Rebirth AUTOPOOL BONUS THREE,SELF_REBIRTH_250,0.33,0.00,0.33,40124.85
7280,2026-10-02 12:03:40,INCOME_CREDIT_75,Self Rebirth AUTOPOOL BONUS THREE,SELF_REBIRTH_250,1.00,1.00,0.00,40124.85
7281,2026-10-02 12:03:40,SELF_ACCOUNT_CREDIT,Self Rebirth AUTOPOOL BONUS THREE,SELF_REBIRTH_250,0.33,0.00,0.33,40124.85
7282,2026-10-02 12:03:40,INCOME_CREDIT_75,Self Rebirth AUTOPOOL BONUS THREE,SELF_REBIRTH_250,1.00,1.00,0.00,40124.85
7283,2026-10-02 12:03:40,SELF_ACCOUNT_CREDIT,Self Rebirth AUTOPOOL BONUS THREE,SELF_REBIRTH_250,0.33,0.00,0.33,40124.85
7284,2026-10-02 12:03:40,INCOME_CREDIT_75,Self Rebirth DIRECT REF BONUS,SELF_REBIRTH_250,30.00,30.00,0.00,40163.52
7285,2026-10-02 12:03:40,SELF_ACCOUNT_CREDIT,Self Rebirth DIRECT REF BONUS,SELF_REBIRTH_250,10.00,0.00,10.00,40163.52
7286,2026-10-02 12:03:40,TAX_POOL_CREDIT,Self Rebirth TAX POOL CREDIT,SELF_REBIRTH_250,15.00,15.00,0.00,40178.52
7287,2026-10-02 12:03:40,SELF_ACCOUNT_DEBIT,Auto Repurchase Pack (Rs.250),SELF_250_PACK,-250.00,0.00,-250.00,39928.52
7288,2026-10-02 12:03:40,INCOME_CREDIT_75,Self Rebirth AUTOPOOL BONUS FIVE,SELF_REBIRTH_250,6.00,6.00,0.00,39936.52
7289,2026-10-02 12:03:40,SELF_ACCOUNT_CREDIT,Self Rebirth AUTOPOOL BONUS FIVE,SELF_REBIRTH_250,2.00,0.00,2.00,39936.52
7290,2026-10-02 12:03:40,INCOME_CREDIT_75,Self Rebirth AUTOPOOL BONUS FIVE,SELF_REBIRTH_250,6.00,6.00,0.00,39944.52
7291,2026-10-02 12:03:40,SELF_ACCOUNT_CREDIT,Self Rebirth AUTOPOOL BONUS FIVE,SELF_REBIRTH_250,2.00,0.00,2.00,39944.52
7292,2026-10-02 12:03:40,INCOME_CREDIT_75,Self Rebirth AUTOPOOL BONUS FIVE,SELF_REBIRTH_250,6.00,6.00,0.00,39944.52
7293,2026-10-02 12:03:40,SELF_ACCOUNT_CREDIT,Self Rebirth AUTOPOOL BONUS FIVE,SELF_REBIRTH_250,2.00,0.00,2.00,39944.52
7294,2026-10-02 12:03:40,INCOME_CREDIT_75,Self Rebirth AUTOPOOL BONUS THREE,SELF_REBIRTH_250,1.00,1.00,0.00,39937.85
7295,2026-10-02 12:03:40,SELF_ACCOUNT_CREDIT,Self Rebirth AUTOPOOL BONUS THREE,SELF_REBIRTH_250,0.33,0.00,0.33,39937.85
7296,2026-10-02 12:03:40,INCOME_CREDIT_75,Self Rebirth AUTOPOOL BONUS THREE,SELF_REBIRTH_250,1.00,1.00,0.00,39939.18
7297,2026-10-02 12:03:40,SELF_ACCOUNT_CREDIT,Self Rebirth AUTOPOOL BONUS THREE,SELF_REBIRTH_250,0.33,0.00,0.33,39939.18
7298,2026-10-02 12:03:40,INCOME_CREDIT_75,Self Rebirth AUTOPOOL BONUS THREE,SELF_REBIRTH_250,1.00,1.00,0.00,39939.18
7299,2026-10-02 12:03:40,SELF_ACCOUNT_CREDIT,Self Rebirth AUTOPOOL BONUS THREE,SELF_REBIRTH_250,0.33,0.00,0.33,39939.18
7300,2026-10-02 12:03:40,INCOME_CREDIT_75,Self Rebirth AUTOPOOL BONUS THREE,SELF_REBIRTH_250,1.00,1.00,0.00,39939.18
7301,2026-10-02 12:03:40,SELF_ACCOUNT_CREDIT,Self Rebirth AUTOPOOL BONUS THREE,SELF_REBIRTH_250,0.33,0.00,0.33,39939.18
7302,2026-10-02 12:03:40,INCOME_CREDIT_75,Self Rebirth DIRECT REF BONUS,SELF_REBIRTH_250,30.00,30.00,0.00,39977.85
7303,2026-10-02 12:03:40,SELF_ACCOUNT_CREDIT,Self Rebirth DIRECT REF BONUS,SELF_REBIRTH_250,10.00,0.00,10.00,39977.85
7304,2026-10-02 12:03:40,TAX_POOL_CREDIT,Self Rebirth TAX POOL CREDIT,SELF_REBIRTH_250,15.00,15.00,0.00,39992.85
7305,2026-10-02 12:03:41,SELF_ACCOUNT_DEBIT,Auto Repurchase Pack (Rs.250),SELF_250_PACK,-250.00,0.00,-250.00,39742.85
7306,2026-10-02 12:03:41,INCOME_CREDIT_75,Self Rebirth AUTOPOOL BONUS FIVE,SELF_REBIRTH_250,6.00,6.00,0.00,39750.85
7307,2026-10-02 12:03:41,SELF_ACCOUNT_CREDIT,Self Rebirth AUTOPOOL BONUS FIVE,SELF_REBIRTH_250,2.00,0.00,2.00,39750.85
7308,2026-10-02 12:03:41,INCOME_CREDIT_75,Self Rebirth AUTOPOOL BONUS FIVE,SELF_REBIRTH_250,6.00,6.00,0.00,39758.85
7309,2026-10-02 12:03:41,SELF_ACCOUNT_CREDIT,Self Rebirth AUTOPOOL BONUS FIVE,SELF_REBIRTH_250,2.00,0.00,2.00,39758.85
7310,2026-10-02 12:03:41,INCOME_CREDIT_75,Self Rebirth AUTOPOOL BONUS FIVE,SELF_REBIRTH_250,6.00,6.00,0.00,39758.85
7311,2026-10-02 12:03:41,SELF_ACCOUNT_CREDIT,Self Rebirth AUTOPOOL BONUS FIVE,SELF_REBIRTH_250,2.00,0.00,2.00,39758.85
7312,2026-10-02 12:03:41,INCOME_CREDIT_75,Self Rebirth AUTOPOOL BONUS THREE,SELF_REBIRTH_250,1.00,1.00,0.00,39752.18
7313,2026-10-02 12:03:41,SELF_ACCOUNT_CREDIT,Self Rebirth AUTOPOOL BONUS THREE,SELF_REBIRTH_250,0.33,0.00,0.33,39752.18
7314,2026-10-02 12:03:41,INCOME_CREDIT_75,Self Rebirth AUTOPOOL BONUS THREE,SELF_REBIRTH_250,1.00,1.00,0.00,39753.51
7315,2026-10-02 12:03:41,SELF_ACCOUNT_CREDIT,Self Rebirth AUTOPOOL BONUS THREE,SELF_REBIRTH_250,0.33,0.00,0.33,39753.51
7316,2026-10-02 12:03:41,INCOME_CREDIT_75,Self Rebirth AUTOPOOL BONUS THREE,SELF_REBIRTH_250,1.00,1.00,0.00,39753.51
7317,2026-10-02 12:03:41,SELF_ACCOUNT_CREDIT,Self Rebirth AUTOPOOL BONUS THREE,SELF_REBIRTH_250,0.33,0.00,0.33,39753.51
7318,2026-10-02 12:03:41,INCOME_CREDIT_75,Self Rebirth AUTOPOOL BONUS THREE,SELF_REBIRTH_250,1.00,1.00,0.00,39753.51
7319,2026-10-02 12:03:41,SELF_ACCOUNT_CREDIT,Self Rebirth AUTOPOOL BONUS THREE,SELF_REBIRTH_250,0.33,0.00,0.33,39753.51
7320,2026-10-02 12:03:41,INCOME_CREDIT_75,Self Rebirth DIRECT REF BONUS,SELF_REBIRTH_250,30.00,30.00,0.00,39792.18
7321,2026-10-02 12:03:41,SELF_ACCOUNT_CREDIT,Self Rebirth DIRECT REF BONUS,SELF_REBIRTH_250,10.00,0.00,10.00,39792.18
7322,2026-10-02 12:03:41,TAX_POOL_CREDIT,Self Rebirth TAX POOL CREDIT,SELF_REBIRTH_250,15.00,15.00,0.00,39807.18
7323,2026-10-02 12:03:41,SELF_ACCOUNT_DEBIT,Auto Repurchase Pack (Rs.250),SELF_250_PACK,-250.00,0.00,-250.00,39557.18
7324,2026-10-02 12:03:41,INCOME_CREDIT_75,Self Rebirth AUTOPOOL BONUS FIVE,SELF_REBIRTH_250,6.00,6.00,0.00,39565.18
7325,2026-10-02 12:03:41,SELF_ACCOUNT_CREDIT,Self Rebirth AUTOPOOL BONUS FIVE,SELF_REBIRTH_250,2.00,0.00,2.00,39565.18
7326,2026-10-02 12:03:41,INCOME_CREDIT_75,Self Rebirth AUTOPOOL BONUS FIVE,SELF_REBIRTH_250,6.00,6.00,0.00,39573.18
7327,2026-10-02 12:03:41,SELF_ACCOUNT_CREDIT,Self Rebirth AUTOPOOL BONUS FIVE,SELF_REBIRTH_250,2.00,0.00,2.00,39573.18
7328,2026-10-02 12:03:41,INCOME_CREDIT_75,Self Rebirth AUTOPOOL BONUS FIVE,SELF_REBIRTH_250,6.00,6.00,0.00,39573.18
7329,2026-10-02 12:03:41,SELF_ACCOUNT_CREDIT,Self Rebirth AUTOPOOL BONUS FIVE,SELF_REBIRTH_250,2.00,0.00,2.00,39573.18
7330,2026-10-02 12:03:41,INCOME_CREDIT_75,Self Rebirth AUTOPOOL BONUS THREE,SELF_REBIRTH_250,1.00,1.00,0.00,39566.51
7331,2026-10-02 12:03:41,SELF_ACCOUNT_CREDIT,Self Rebirth AUTOPOOL BONUS THREE,SELF_REBIRTH_250,0.33,0.00,0.33,39566.51
7332,2026-10-02 12:03:41,INCOME_CREDIT_75,Self Rebirth AUTOPOOL BONUS THREE,SELF_REBIRTH_250,1.00,1.00,0.00,39567.84
7333,2026-10-02 12:03:41,SELF_ACCOUNT_CREDIT,Self Rebirth AUTOPOOL BONUS THREE,SELF_REBIRTH_250,0.33,0.00,0.33,39567.84
7334,2026-10-02 12:03:41,INCOME_CREDIT_75,Self Rebirth AUTOPOOL BONUS THREE,SELF_REBIRTH_250,1.00,1.00,0.00,39567.84
7335,2026-10-02 12:03:41,SELF_ACCOUNT_CREDIT,Self Rebirth AUTOPOOL BONUS THREE,SELF_REBIRTH_250,0.33,0.00,0.33,39567.84
7336,2026-10-02 12:03:41,INCOME_CREDIT_75,Self Rebirth AUTOPOOL BONUS THREE,SELF_REBIRTH_250,1.00,1.00,0.00,39567.84
7337,2026-10-02 12:03:41,SELF_ACCOUNT_CREDIT,Self Rebirth AUTOPOOL BONUS THREE,SELF_REBIRTH_250,0.33,0.00,0.33,39567.84
7338,2026-10-02 12:03:42,INCOME_CREDIT_75,Self Rebirth DIRECT REF BONUS,SELF_REBIRTH_250,30.00,30.00,0.00,39606.51
7339,2026-10-02 12:03:42,SELF_ACCOUNT_CREDIT,Self Rebirth DIRECT REF BONUS,SELF_REBIRTH_250,10.00,0.00,10.00,39606.51
7340,2026-10-02 12:03:42,TAX_POOL_CREDIT,Self Rebirth TAX POOL CREDIT,SELF_REBIRTH_250,15.00,15.00,0.00,39621.51
7341,2026-10-02 12:03:42,SELF_ACCOUNT_DEBIT,Auto Repurchase Pack (Rs.250),SELF_250_PACK,-250.00,0.00,-250.00,39371.51
7342,2026-10-02 12:03:42,INCOME_CREDIT_75,Self Rebirth AUTOPOOL BONUS FIVE,SELF_REBIRTH_250,6.00,6.00,0.00,39379.51
7343,2026-10-02 12:03:42,SELF_ACCOUNT_CREDIT,Self Rebirth AUTOPOOL BONUS FIVE,SELF_REBIRTH_250,2.00,0.00,2.00,39379.51
7344,2026-10-02 12:03:42,INCOME_CREDIT_75,Self Rebirth AUTOPOOL BONUS FIVE,SELF_REBIRTH_250,6.00,6.00,0.00,39387.51
7345,2026-10-02 12:03:42,SELF_ACCOUNT_CREDIT,Self Rebirth AUTOPOOL BONUS FIVE,SELF_REBIRTH_250,2.00,0.00,2.00,39387.51
7346,2026-10-02 12:03:42,INCOME_CREDIT_75,Self Rebirth AUTOPOOL BONUS FIVE,SELF_REBIRTH_250,6.00,6.00,0.00,39387.51
7347,2026-10-02 12:03:42,SELF_ACCOUNT_CREDIT,Self Rebirth AUTOPOOL BONUS FIVE,SELF_REBIRTH_250,2.00,0.00,2.00,39387.51
7348,2026-10-02 12:03:42,INCOME_CREDIT_75,Self Rebirth AUTOPOOL BONUS THREE,SELF_REBIRTH_250,1.00,1.00,0.00,39380.84
7349,2026-10-02 12:03:42,SELF_ACCOUNT_CREDIT,Self Rebirth AUTOPOOL BONUS THREE,SELF_REBIRTH_250,0.33,0.00,0.33,39380.84
7350,2026-10-02 12:03:42,INCOME_CREDIT_75,Self Rebirth AUTOPOOL BONUS THREE,SELF_REBIRTH_250,1.00,1.00,0.00,39382.17
7351,2026-10-02 12:03:42,SELF_ACCOUNT_CREDIT,Self Rebirth AUTOPOOL BONUS THREE,SELF_REBIRTH_250,0.33,0.00,0.33,39382.17
7352,2026-10-02 12:03:42,INCOME_CREDIT_75,Self Rebirth AUTOPOOL BONUS THREE,SELF_REBIRTH_250,1.00,1.00,0.00,39382.17
7353,2026-10-02 12:03:42,SELF_ACCOUNT_CREDIT,Self Rebirth AUTOPOOL BONUS THREE,SELF_REBIRTH_250,0.33,0.00,0.33,39382.17
7354,2026-10-02 12:03:42,INCOME_CREDIT_75,Self Rebirth AUTOPOOL BONUS THREE,SELF_REBIRTH_250,1.00,1.00,0.00,39382.17
7355,2026-10-02 12:03:42,SELF_ACCOUNT_CREDIT,Self Rebirth AUTOPOOL BONUS THREE,SELF_REBIRTH_250,0.33,0.00,0.33,39382.17
7356,2026-10-02 12:03:42,INCOME_CREDIT_75,Self Rebirth DIRECT REF BONUS,SELF_REBIRTH_250,30.00,30.00,0.00,39420.84
7357,2026-10-02 12:03:42,SELF_ACCOUNT_CREDIT,Self Rebirth DIRECT REF BONUS,SELF_REBIRTH_250,10.00,0.00,10.00,39420.84
7358,2026-10-02 12:03:42,TAX_POOL_CREDIT,Self Rebirth TAX POOL CREDIT,SELF_REBIRTH_250,15.00,15.00,0.00,39435.84
7359,2026-10-02 12:03:43,SELF_ACCOUNT_DEBIT,Auto Repurchase Pack (Rs.250),SELF_250_PACK,-250.00,0.00,-250.00,39185.84
7360,2026-10-02 12:03:43,INCOME_CREDIT_75,Self Rebirth AUTOPOOL BONUS FIVE,SELF_REBIRTH_250,6.00,6.00,0.00,39193.84
7361,2026-10-02 12:03:43,SELF_ACCOUNT_CREDIT,Self Rebirth AUTOPOOL BONUS FIVE,SELF_REBIRTH_250,2.00,0.00,2.00,39193.84
7362,2026-10-02 12:03:43,INCOME_CREDIT_75,Self Rebirth AUTOPOOL BONUS FIVE,SELF_REBIRTH_250,6.00,6.00,0.00,39201.84
7363,2026-10-02 12:03:43,SELF_ACCOUNT_CREDIT,Self Rebirth AUTOPOOL BONUS FIVE,SELF_REBIRTH_250,2.00,0.00,2.00,39201.84
7364,2026-10-02 12:03:43,INCOME_CREDIT_75,Self Rebirth AUTOPOOL BONUS FIVE,SELF_REBIRTH_250,6.00,6.00,0.00,39201.84
7365,2026-10-02 12:03:43,SELF_ACCOUNT_CREDIT,Self Rebirth AUTOPOOL BONUS FIVE,SELF_REBIRTH_250,2.00,0.00,2.00,39201.84
7366,2026-10-02 12:03:43,INCOME_CREDIT_75,Self Rebirth AUTOPOOL BONUS THREE,SELF_REBIRTH_250,1.00,1.00,0.00,39195.17
7367,2026-10-02 12:03:43,SELF_ACCOUNT_CREDIT,Self Rebirth AUTOPOOL BONUS THREE,SELF_REBIRTH_250,0.33,0.00,0.33,39195.17
7368,2026-10-02 12:03:43,INCOME_CREDIT_75,Self Rebirth AUTOPOOL BONUS THREE,SELF_REBIRTH_250,1.00,1.00,0.00,39196.50
7369,2026-10-02 12:03:43,SELF_ACCOUNT_CREDIT,Self Rebirth AUTOPOOL BONUS THREE,SELF_REBIRTH_250,0.33,0.00,0.33,39196.50
7370,2026-10-02 12:03:43,INCOME_CREDIT_75,Self Rebirth AUTOPOOL BONUS THREE,SELF_REBIRTH_250,1.00,1.00,0.00,39196.50
7371,2026-10-02 12:03:43,SELF_ACCOUNT_CREDIT,Self Rebirth AUTOPOOL BONUS THREE,SELF_REBIRTH_250,0.33,0.00,0.33,39196.50
7372,2026-10-02 12:03:43,INCOME_CREDIT_75,Self Rebirth AUTOPOOL BONUS THREE,SELF_REBIRTH_250,1.00,1.00,0.00,39196.50
7373,2026-10-02 12:03:43,SELF_ACCOUNT_CREDIT,Self Rebirth AUTOPOOL BONUS THREE,SELF_REBIRTH_250,0.33,0.00,0.33,39196.50
7374,2026-10-02 12:03:43,INCOME_CREDIT_75,Self Rebirth DIRECT REF BONUS,SELF_REBIRTH_250,30.00,30.00,0.00,39235.17
7375,2026-10-02 12:03:43,SELF_ACCOUNT_CREDIT,Self Rebirth DIRECT REF BONUS,SELF_REBIRTH_250,10.00,0.00,10.00,39235.17
7376,2026-10-02 12:03:43,TAX_POOL_CREDIT,Self Rebirth TAX POOL CREDIT,SELF_REBIRTH_250,15.00,15.00,0.00,39250.17
7377,2026-10-02 12:03:43,SELF_ACCOUNT_DEBIT,Auto Repurchase Pack (Rs.250),SELF_250_PACK,-250.00,0.00,-250.00,39000.17
7378,2026-10-02 12:03:43,INCOME_CREDIT_75,Self Rebirth AUTOPOOL BONUS FIVE,SELF_REBIRTH_250,6.00,6.00,0.00,39008.17
7379,2026-10-02 12:03:43,SELF_ACCOUNT_CREDIT,Self Rebirth AUTOPOOL BONUS FIVE,SELF_REBIRTH_250,2.00,0.00,2.00,39008.17
7380,2026-10-02 12:03:43,INCOME_CREDIT_75,Self Rebirth AUTOPOOL BONUS FIVE,SELF_REBIRTH_250,6.00,6.00,0.00,39016.17
7381,2026-10-02 12:03:43,SELF_ACCOUNT_CREDIT,Self Rebirth AUTOPOOL BONUS FIVE,SELF_REBIRTH_250,2.00,0.00,2.00,39016.17
7382,2026-10-02 12:03:43,INCOME_CREDIT_75,Self Rebirth AUTOPOOL BONUS FIVE,SELF_REBIRTH_250,6.00,6.00,0.00,39016.17
7383,2026-10-02 12:03:43,SELF_ACCOUNT_CREDIT,Self Rebirth AUTOPOOL BONUS FIVE,SELF_REBIRTH_250,2.00,0.00,2.00,39016.17
7384,2026-10-02 12:03:43,INCOME_CREDIT_75,Self Rebirth AUTOPOOL BONUS THREE,SELF_REBIRTH_250,1.00,1.00,0.00,39009.50
7385,2026-10-02 12:03:43,SELF_ACCOUNT_CREDIT,Self Rebirth AUTOPOOL BONUS THREE,SELF_REBIRTH_250,0.33,0.00,0.33,39009.50
7386,2026-10-02 12:03:43,INCOME_CREDIT_75,Self Rebirth AUTOPOOL BONUS THREE,SELF_REBIRTH_250,1.00,1.00,0.00,39010.83
7387,2026-10-02 12:03:43,SELF_ACCOUNT_CREDIT,Self Rebirth AUTOPOOL BONUS THREE,SELF_REBIRTH_250,0.33,0.00,0.33,39010.83
7388,2026-10-02 12:03:44,INCOME_CREDIT_75,Self Rebirth AUTOPOOL BONUS THREE,SELF_REBIRTH_250,1.00,1.00,0.00,39010.83
7389,2026-10-02 12:03:44,SELF_ACCOUNT_CREDIT,Self Rebirth AUTOPOOL BONUS THREE,SELF_REBIRTH_250,0.33,0.00,0.33,39010.83
7390,2026-10-02 12:03:44,INCOME_CREDIT_75,Self Rebirth AUTOPOOL BONUS THREE,SELF_REBIRTH_250,1.00,1.00,0.00,39010.83
7391,2026-10-02 12:03:44,SELF_ACCOUNT_CREDIT,Self Rebirth AUTOPOOL BONUS THREE,SELF_REBIRTH_250,0.33,0.00,0.33,39010.83
7392,2026-10-02 12:03:44,INCOME_CREDIT_75,Self Rebirth DIRECT REF BONUS,SELF_REBIRTH_250,30.00,30.00,0.00,39049.50
7393,2026-10-02 12:03:44,SELF_ACCOUNT_CREDIT,Self Rebirth DIRECT REF BONUS,SELF_REBIRTH_250,10.00,0.00,10.00,39049.50
7394,2026-10-02 12:03:44,TAX_POOL_CREDIT,Self Rebirth TAX POOL CREDIT,SELF_REBIRTH_250,15.00,15.00,0.00,39064.50
