username,password
TRSF8095918105-C001,pass1234
TRSF8095918105-C002,pass1234
TRSF8095918105-C003,pass1234
TRSF8095918105-C004,pass1234
TRSF8095918105-C005,pass1234
TRSF8095918105-C006,pass1234
TRSF8095918105-C007,pass1234
TRSF8095918105-C008,pass1234
TRSF8095918105-C009,pass1234
TRSF8095918105-C010,pass1234
TRSF8095918105-C011,pass1234
TRSF8095918105-C012,pass1234
TRSF8095918105-C013,pass1234
TRSF8095918105-C014,pass1234
TRSF8095918105-C015,pass1234
TRSF1010000001-C001,pass1234
TRSF1010000001-C002,pass1234
TRSF1010000001-C003,pass1234
TRSF1010000001-C004,pass1234
TRSF1010000001-C005,pass1234
TRSF1010000001-C006,pass1234
TRSF1010000001-C007,pass1234
TRSF1010000001-C008,pass1234
TRSF1010000001-C009,pass1234
TRSF1010000001-C010,pass1234
TRSF1010000001-C011,pass1234
TRSF1010000001-C012,pass1234
TRSF1010000001-C013,pass1234
TRSF1010000001-C014,pass1234
TRSF1010000001-C015,pass1234
TRSF1010000002-C001,pass1234
TRSF1010000002-C002,pass1234
TRSF1010000002-C003,pass1234
TRSF1010000002-C004,pass1234
TRSF1010000002-C005,pass1234
TRSF1010000002-C006,pass1234
TRSF1010000002-C007,pass1234
TRSF1010000002-C008,pass1234
TRSF1010000002-C009,pass1234
TRSF1010000002-C010,pass1234
TRSF1010000002-C011,pass1234
TRSF1010000002-C012,pass1234
TRSF1010000002-C013,pass1234
TRSF1010000002-C014,pass1234
TRSF1010000002-C015,pass1234
TRSF1010000003-C001,pass1234
TRSF1010000003-C002,pass1234
TRSF1010000003-C003,pass1234
TRSF1010000003-C004,pass1234
TRSF1010000003-C005,pass1234
TRSF1010000003-C006,pass1234
TRSF1010000003-C007,pass1234
TRSF1010000003-C008,pass1234
TRSF1010000003-C009,pass1234
TRSF1010000003-C010,pass1234
TRSF1010000003-C011,pass1234
TRSF1010000003-C012,pass1234
TRSF1010000003-C013,pass1234
TRSF1010000003-C014,pass1234
TRSF1010000003-C015,pass1234
TRSF1010000004-C001,pass1234
TRSF1010000004-C002,pass1234
TRSF1010000004-C003,pass1234
TRSF1010000004-C004,pass1234
TRSF1010000004-C005,pass1234
TRSF1010000004-C006,pass1234
TRSF1010000004-C007,pass1234
TRSF1010000004-C008,pass1234
TRSF1010000004-C009,pass1234
TRSF1010000004-C010,pass1234
TRSF1010000004-C011,pass1234
TRSF1010000004-C012,pass1234
TRSF1010000004-C013,pass1234
TRSF1010000004-C014,pass1234
TRSF1010000004-C015,pass1234
TRSF1010000005-C001,pass1234
TRSF1010000005-C002,pass1234
TRSF1010000005-C003,pass1234
TRSF1010000005-C004,pass1234
TRSF1010000005-C005,pass1234
TRSF1010000005-C006,pass1234
TRSF1010000005-C007,pass1234
TRSF1010000005-C008,pass1234
TRSF1010000005-C009,pass1234
TRSF1010000005-C010,pass1234
TRSF1010000005-C011,pass1234
TRSF1010000005-C012,pass1234
TRSF1010000005-C013,pass1234
TRSF1010000005-C014,pass1234
TRSF1010000005-C015,pass1234
TRSF1010000006-C001,pass1234
TRSF1010000006-C002,pass1234
TRSF1010000006-C003,pass1234
TRSF1010000006-C004,pass1234
TRSF1010000006-C005,pass1234
TRSF1010000006-C006,pass1234
TRSF1010000006-C007,pass1234
TRSF1010000006-C008,pass1234
TRSF1010000006-C009,pass1234
TRSF1010000006-C010,pass1234
TRSF1010000006-C011,pass1234
TRSF1010000006-C012,pass1234
TRSF1010000006-C013,pass1234
TRSF1010000006-C014,pass1234
TRSF1010000006-C015,pass1234
TRSF1010000007-C001,pass1234
TRSF1010000007-C002,pass1234
TRSF1010000007-C003,pass1234
TRSF1010000007-C004,pass1234
TRSF1010000007-C005,pass1234
TRSF1010000007-C006,pass1234
TRSF1010000007-C007,pass1234
TRSF1010000007-C008,pass1234
TRSF1010000007-C009,pass1234
TRSF1010000007-C010,pass1234
TRSF1010000007-C011,pass1234
TRSF1010000007-C012,pass1234
TRSF1010000007-C013,pass1234
TRSF1010000007-C014,pass1234
TRSF1010000007-C015,pass1234
TRSF1010000008-C001,pass1234
TRSF1010000008-C002,pass1234
TRSF1010000008-C003,pass1234
TRSF1010000008-C004,pass1234
TRSF1010000008-C005,pass1234
TRSF1010000008-C006,pass1234
TRSF1010000008-C007,pass1234
TRSF1010000008-C008,pass1234
TRSF1010000008-C009,pass1234
TRSF1010000008-C010,pass1234
TRSF1010000008-C011,pass1234
TRSF1010000008-C012,pass1234
TRSF1010000008-C013,pass1234
TRSF1010000008-C014,pass1234
TRSF1010000008-C015,pass1234
TRSF1010000009-C001,pass1234
TRSF1010000009-C002,pass1234
TRSF1010000009-C003,pass1234
TRSF1010000009-C004,pass1234
TRSF1010000009-C005,pass1234
TRSF1010000009-C006,pass1234
TRSF1010000009-C007,pass1234
TRSF1010000009-C008,pass1234
TRSF1010000009-C009,pass1234
TRSF1010000009-C010,pass1234
TRSF1010000009-C011,pass1234
TRSF1010000009-C012,pass1234
TRSF1010000009-C013,pass1234
TRSF1010000009-C014,pass1234
TRSF1010000009-C015,pass1234
